-- phpMyAdmin SQL Dump
-- version 5.0.4
-- https://www.phpmyadmin.net/
--
-- Хост: 127.0.0.1
-- Час створення: Січ 18 2021 р., 15:46
-- Версія сервера: 10.4.17-MariaDB
-- Версія PHP: 8.0.0

SET SQL_MODE = "NO_AUTO_VALUE_ON_ZERO";
START TRANSACTION;
SET time_zone = "+00:00";


/*!40101 SET @OLD_CHARACTER_SET_CLIENT=@@CHARACTER_SET_CLIENT */;
/*!40101 SET @OLD_CHARACTER_SET_RESULTS=@@CHARACTER_SET_RESULTS */;
/*!40101 SET @OLD_COLLATION_CONNECTION=@@COLLATION_CONNECTION */;
/*!40101 SET NAMES utf8mb4 */;

--
-- База даних: `post_db`
--

-- --------------------------------------------------------

--
-- Структура таблиці `authors`
--

CREATE TABLE `authors` (
  `id` int(11) UNSIGNED NOT NULL COMMENT 'pk',
  `name` varchar(255) NOT NULL,
  `email` varchar(255) NOT NULL,
  `phone` varchar(13) NOT NULL,
  `login` varchar(50) NOT NULL,
  `pass` varchar(50) NOT NULL
) ENGINE=InnoDB DEFAULT CHARSET=utf8mb4;

--
-- Дамп даних таблиці `authors`
--

INSERT INTO `authors` (`id`, `name`, `email`, `phone`, `login`, `pass`) VALUES
(105, 'Антоненко Ніна Сергійович', 'stanislav50@rambler.ru', '+380961269958', 'bsevolod.petrenko', 'q2j^-K;mNr)}{|xm6'),
(106, 'Євген Сергійович Микитюк', 'anton.pavluk@mail.ru', '0674593893', 'svitlana.bodnarenko', '+ehskY\"5JGL5w3a&n'),
(107, 'Антоненко Тарас Іванович', 'nadia.vasilenko@gmail.com', '+380505700827', 'cponomarcuk', 'o!+a;*veA1-k5'),
(108, 'Поліна Романович Дмитренко', 'pbrovarcuk@mail.ru', '+380503769441', 'ponomarenko.anatolij', 'K\'=pB>\\drvLx1OF'),
(109, 'Олена Валентинович Шевчук', 'irina.vasilcuk@tarasuk.com', '+380931987182', 'pavluk.marina', '~A\'g&j'),
(110, 'Кирил Володимирович Таращук', 'jsergienko@gnatuk.net.ua', '+380676872008', 'inna.ponomarcuk', '=V4E,['),
(111, 'Роман Романович Захарчук', 'lisenko.sergij@bodnarenko.com', '+380634432758', 'mirosnicenko.olena', ')LwL3?JludouZjsj'),
(112, 'Анатолій Михайлович Крамарчук', 'qsevcuk@brovarenko.org.ua', '0935744884', 'ksinkarenko', 'Gys8\'vDOSJ40gR?R-'),
(113, 'Панасюк Вадим Олексійович', 'lisenko.adam@rambler.ru', '0634688229', 'diana.sergienko', 'Cv\\YDPy1;:\\M!rlju'),
(114, 'Павло Петрович Броварчук', 'olena52@brovarcuk.net', '0633174273', 'psinkarenko', '/kFyoZQf1,W/=o1\'(');

-- --------------------------------------------------------

--
-- Структура таблиці `categories`
--

CREATE TABLE `categories` (
  `id` int(11) UNSIGNED NOT NULL COMMENT 'pk',
  `name` varchar(255) NOT NULL
) ENGINE=InnoDB DEFAULT CHARSET=utf8mb4;

--
-- Дамп даних таблиці `categories`
--

INSERT INTO `categories` (`id`, `name`) VALUES
(153, 'adipisci'),
(154, 'aliquid'),
(155, 'repudiandae'),
(156, 'atque'),
(157, 'ratione'),
(158, 'ducimus'),
(159, 'ad'),
(160, 'in'),
(161, 'maiores'),
(162, 'consectetur'),
(163, 'provident'),
(164, 'in');

-- --------------------------------------------------------

--
-- Структура таблиці `comments`
--

CREATE TABLE `comments` (
  `id` int(11) UNSIGNED NOT NULL COMMENT 'pk',
  `id_author` int(11) UNSIGNED DEFAULT NULL COMMENT 'fk',
  `id_post` int(11) UNSIGNED NOT NULL COMMENT 'fk',
  `text` text NOT NULL,
  `date_time` datetime NOT NULL
) ENGINE=InnoDB DEFAULT CHARSET=utf8mb4;

--
-- Дамп даних таблиці `comments`
--

INSERT INTO `comments` (`id`, `id_author`, `id_post`, `text`, `date_time`) VALUES
(240, 111, 212, 'Nemo modi voluptate nihil quia voluptates eum in id. Sint qui aut rerum dolorem eos rem officiis. Voluptatem numquam quos omnis quisquam.', '2014-02-01 03:52:33'),
(241, 108, 272, 'Possimus sed voluptatem qui quis nemo.', '2020-11-17 16:36:48'),
(242, 109, 229, 'Quisquam veniam non minus voluptatem ab sed dicta laborum. Nostrum commodi laboriosam amet officiis non nesciunt. Eius nemo molestiae enim error. Vel molestiae dolorem autem impedit error quaerat. Et dolorum odio rerum consequatur odio ex itaque.', '2015-10-04 08:48:03'),
(243, 105, 209, 'Eum est consectetur totam molestiae delectus consequatur.', '2019-12-07 19:53:28'),
(244, 109, 277, 'Sed earum quasi consectetur ut expedita libero.', '2020-01-12 10:18:57'),
(245, 108, 277, 'Qui maxime sequi sit fugit. Porro nobis ipsam inventore ad officiis repellendus itaque. Ea maiores tempore architecto aut repudiandae ab esse.', '2020-07-05 07:50:29'),
(246, 105, 239, 'Nihil qui dolor perferendis aut non omnis. Ut qui et voluptas ratione eum. Magnam voluptatem harum dicta. Molestiae magni autem ea fugit.', '2020-02-03 09:48:45'),
(247, 114, 243, 'Quia provident amet omnis nesciunt deserunt et inventore. Rerum iste alias voluptates ea expedita omnis. Eveniet a dolorem quae minima perspiciatis. Atque dolorem et nihil eligendi soluta.', '2017-02-08 09:07:13'),
(248, 110, 294, 'Ullam dolor vitae facilis ex at. Et molestiae eos ea sint. Repellat maiores voluptas est incidunt doloribus animi.', '2017-07-24 09:18:28'),
(249, 109, 207, 'Necessitatibus totam dolor qui et consequatur modi. Rerum aut iusto voluptas qui.', '2020-01-12 16:08:06'),
(250, 114, 285, 'Numquam harum reprehenderit expedita fugiat modi. Et cum repellendus aut alias corporis quisquam incidunt. Perferendis sed sed ea totam. Natus eum et rem nam saepe aut sunt. Est est neque dolores corrupti.', '2020-12-27 21:31:42'),
(251, 105, 302, 'Adipisci dignissimos possimus dolore impedit. Ad itaque velit quae culpa. Enim consequatur ut doloribus saepe quia. Voluptas aut eius dolor sapiente tempore nemo sunt dignissimos. Error alias ipsa iure et dolor.', '2018-12-07 13:52:29'),
(252, 113, 216, 'Officia expedita sit vitae cum et.', '2020-12-15 02:11:01'),
(253, 110, 250, 'Non omnis quo sint sit labore eveniet. Ab nobis et et temporibus non quia. Aperiam dignissimos quas modi.', '2020-05-30 21:38:31'),
(254, 107, 244, 'Consequatur impedit dignissimos voluptas sapiente incidunt aut ad. Aut dicta optio iure voluptatibus eaque dolores officiis. Soluta qui incidunt enim repudiandae repellendus. Suscipit sunt delectus earum qui vero voluptatibus.', '2015-01-17 07:01:06'),
(255, 112, 216, 'Alias ut enim autem porro. Illo animi ipsam modi facilis deleniti et nostrum amet.', '2020-02-19 12:39:26'),
(256, 107, 249, 'Vel id voluptatem et officiis aut eveniet vel. Unde debitis at aliquam qui non ex ut. Id beatae ea at dolorum quibusdam est aut cum.', '2021-01-12 23:27:48'),
(257, 105, 296, 'Ducimus hic aut ut inventore laboriosam. Eos ut sit ut asperiores cum. Sit non qui et quibusdam ea quo ipsa. Animi voluptatum et animi quis rerum. Et quaerat iusto enim maiores earum fugiat.', '2018-06-24 23:15:36'),
(258, 113, 240, 'Dolorem repudiandae omnis sapiente exercitationem quibusdam. Atque occaecati sequi blanditiis amet.', '2019-02-12 23:17:25'),
(259, 107, 294, 'Aperiam fugiat quidem temporibus est. Sit molestiae saepe eos eum.', '2018-02-26 04:42:06'),
(260, 108, 287, 'Ratione accusantium rerum praesentium labore qui repellendus eos.', '2019-12-16 17:40:31'),
(261, 113, 255, 'Voluptates reprehenderit quibusdam rerum quia non quia.', '2020-06-06 02:56:49'),
(262, 112, 275, 'Cupiditate atque consectetur beatae rem quaerat. Fugiat repellat quia est debitis sit quaerat et. Molestiae vel autem distinctio sit harum occaecati perspiciatis. Sint quis voluptatem earum quod aut. Sequi maxime sed eveniet veritatis et.', '2020-01-31 08:57:58'),
(263, 109, 304, 'Atque tempora illo ut necessitatibus. Sint placeat sint est aut. Voluptatem voluptate voluptas voluptatem fugit soluta rem nisi.', '2013-02-17 02:27:23'),
(264, 111, 212, 'Laborum quis neque soluta et repellat qui.', '2018-08-03 12:59:28'),
(265, 112, 213, 'Consectetur ipsa eveniet debitis sit alias tenetur in. Occaecati porro quam iure dolore omnis. Enim et in voluptatem beatae dolore dolor esse dolorum.', '2020-05-24 22:47:57'),
(266, 111, 229, 'Quidem dolore quis nostrum vel necessitatibus.', '2020-06-05 11:11:54'),
(267, 113, 280, 'Maxime ipsum explicabo sed dolorem occaecati.', '2017-12-06 14:46:48'),
(268, 113, 208, 'Est id facilis dolorem est perspiciatis quod id. Rerum ad esse ut nobis in sequi architecto doloribus. Sit maxime aut quis ullam asperiores. Sed nostrum quia odit nihil magnam.', '2020-10-12 17:51:24'),
(269, 111, 289, 'Ut atque necessitatibus corporis impedit commodi labore. Aut repellendus temporibus rerum cupiditate velit placeat molestiae iste. Maxime officia ipsa tenetur dolorum. Minus quod magnam debitis amet ipsum.', '2018-04-19 23:39:57'),
(270, 112, 232, 'Dignissimos eaque consequatur totam labore maxime. Cum tempore sint perferendis voluptas at suscipit asperiores. Enim ratione nemo quaerat veritatis commodi reiciendis esse. Non est odio eaque esse autem dignissimos tempora cum. Animi illo quaerat itaque consequatur officiis illo sed.', '2016-10-20 15:56:03'),
(271, 111, 241, 'Tempora commodi qui qui eum. Sint vel rerum et sed occaecati placeat.', '2019-04-24 13:19:19'),
(272, 112, 262, 'Sint eaque repudiandae totam rerum quisquam nostrum expedita. Omnis aliquid aut dolores quaerat quia cupiditate adipisci. Sequi tenetur amet voluptatibus voluptates sed. Quod nesciunt odio facere consectetur. Modi nulla et aut voluptas eius odio natus.', '2017-06-18 09:03:22'),
(273, 108, 278, 'Sed consectetur exercitationem accusamus atque. Et iure magni ut sint. Dolor aliquid assumenda tenetur distinctio.', '2020-10-29 08:30:45'),
(274, 113, 246, 'Incidunt repellat rerum voluptate aut harum non incidunt. Quia rerum rerum vitae magni.', '2019-01-07 14:44:30'),
(275, 109, 305, 'Et et voluptatem ex exercitationem cupiditate.', '2014-06-15 08:04:03'),
(276, 105, 297, 'Eaque sunt et omnis esse. Pariatur possimus ducimus explicabo et nostrum rem asperiores. Libero nesciunt molestias illo voluptates. Ut nobis autem et ut voluptas.', '2018-10-26 14:00:18'),
(277, 108, 224, 'Culpa ut repellendus reprehenderit nesciunt id ea.', '2020-05-13 14:08:58'),
(278, 114, 299, 'Voluptas sit non voluptatibus repellat qui. Facere nihil magnam neque qui asperiores rerum. Nihil dolorem rerum occaecati non odit. Quia explicabo fugiat ullam vel.', '2020-04-03 22:26:00'),
(279, 114, 291, 'Rerum dolores totam numquam et aut molestiae occaecati. Aut quasi illum possimus ad modi quia.', '2020-07-30 10:20:54'),
(280, 107, 250, 'Necessitatibus voluptatem aut quia consequuntur optio. Animi sed et culpa nobis eligendi assumenda.', '2017-04-22 01:20:26'),
(281, 105, 254, 'Iste soluta sed autem et recusandae. Excepturi nemo minus incidunt quaerat in temporibus consequatur. Et sed non nisi commodi. Odio fugit optio aut nulla est. Consequuntur corrupti in repellendus aut quisquam ullam.', '2020-11-28 01:44:53'),
(282, 111, 219, 'Sed et molestiae possimus quod nesciunt. Velit voluptatem et tenetur amet. Ea in expedita rerum necessitatibus voluptatum ut officiis eum.', '2018-07-16 09:02:53'),
(283, 112, 248, 'Rerum est et quis quos aliquid nisi porro iusto. Dicta laudantium sequi possimus autem soluta. Omnis porro autem quasi recusandae repellat sit nemo. Laboriosam cum facilis enim voluptatem. Distinctio ab quas et soluta.', '2013-12-09 02:47:42'),
(284, 107, 291, 'Rerum officiis deserunt perferendis. Harum repellat necessitatibus assumenda officiis incidunt voluptas. Accusantium est omnis dicta aut perferendis et.', '2020-12-11 00:06:17'),
(285, 108, 291, 'Repudiandae est quaerat animi sapiente provident quibusdam. Id aliquam voluptatem eum et facilis praesentium optio. Maiores autem rerum esse sit harum est. Dolores iure est voluptas consequatur. Dolorem sit officiis sunt ut.', '2017-08-09 14:39:32'),
(286, 111, 217, 'Repellendus dolorem nulla ipsa autem perferendis autem officia. Perspiciatis optio est in corporis culpa.', '2018-06-14 00:46:02'),
(287, 114, 224, 'Quia voluptatum necessitatibus vel saepe omnis. Recusandae ut repudiandae veniam libero occaecati eos provident. Ut molestiae aliquid maiores est dolores. Ab culpa enim magnam facere ut. Rerum autem nobis voluptatem quis aut voluptatem voluptas.', '2020-08-30 04:48:37'),
(288, 106, 298, 'Deleniti adipisci quos illo qui. A vero delectus sapiente officia quod earum. Inventore consequuntur dolorum et perspiciatis.', '2020-05-04 01:23:24'),
(289, 112, 271, 'Sapiente error eum molestiae est exercitationem voluptate molestiae. Voluptatem maiores quis tenetur ipsum ad et. Velit soluta illum consequatur provident beatae et et. Animi sint earum et autem deserunt aut est.', '2016-08-16 17:06:14'),
(290, 113, 212, 'Eos repudiandae ipsum placeat quia.', '2020-04-27 04:20:45'),
(291, 113, 264, 'Et dolor accusantium eos earum inventore et beatae. Aut ut et saepe aut aliquid.', '2017-02-21 00:29:21'),
(292, 109, 284, 'Occaecati exercitationem hic error enim minus et dolores.', '2021-01-10 15:36:53'),
(293, 105, 228, 'Eveniet consequuntur ad vero vero nam. Sit similique culpa fugiat nihil facere iure eveniet.', '2017-11-22 11:27:29'),
(294, 112, 300, 'Reiciendis necessitatibus maiores aut consequatur est voluptas voluptatem amet. Ut magni consequatur ratione sit.', '2015-10-21 19:45:00'),
(295, 109, 250, 'Non repudiandae consectetur animi et qui. Delectus cupiditate nisi quas sed adipisci incidunt excepturi officiis.', '2013-05-03 06:20:16'),
(296, 112, 221, 'Accusantium et est porro distinctio. Dolorum earum non sed adipisci veritatis. Molestiae voluptas quos aut nostrum et dicta voluptatem ipsam. Et consequatur soluta amet voluptatibus impedit atque.', '2014-10-05 23:45:59'),
(297, 106, 232, 'Suscipit quis doloribus animi fuga porro ea. Eos porro eligendi laboriosam. Occaecati harum et aut et dolorum.', '2017-04-07 08:29:27'),
(298, 114, 257, 'Et quia ut corporis qui labore facilis. Ducimus non itaque dolore aut odio soluta. Voluptas nihil quidem minima non doloremque omnis necessitatibus culpa. Ut voluptatem voluptatibus architecto omnis eaque. Nulla inventore rerum quisquam fugit quisquam.', '2020-05-21 23:16:20'),
(299, 108, 215, 'Quis sit dolores nisi corrupti. Sapiente voluptatibus esse mollitia. Eveniet molestias dolores ea nam maiores officiis fugiat. Aspernatur sit reiciendis unde et. Labore nobis id et voluptatem sed inventore.', '2015-12-27 00:17:02'),
(300, 114, 286, 'Enim aliquid aut at voluptatibus porro quis. Quis et saepe assumenda blanditiis blanditiis voluptates est ratione. Mollitia accusantium nobis earum qui qui recusandae.', '2015-03-16 04:18:51'),
(301, 113, 254, 'Eius sunt laborum vel. Fugiat voluptates mollitia aut totam dicta. Illum tenetur consequatur eius deleniti. Reprehenderit doloribus ut veniam in corporis qui molestiae expedita.', '2020-10-25 07:44:18'),
(302, 106, 286, 'Assumenda quasi rem cumque modi sint quidem placeat. Voluptas ea accusantium nobis unde assumenda corrupti unde. Consectetur magni praesentium aperiam labore sequi possimus. Voluptatibus sint non et velit odit accusamus id. Aliquid unde similique eligendi autem.', '2013-12-18 16:05:37'),
(303, 113, 284, 'Quo magnam quae voluptatem ut assumenda. Corrupti sit sit magnam molestiae. A sunt quos qui nemo ducimus. Voluptas vel quo hic eum molestiae possimus amet.', '2021-01-12 03:44:28'),
(304, 113, 240, 'Maiores est temporibus dolorem. Qui qui ipsam voluptatibus laudantium nulla ipsum. Fuga nostrum sit placeat ratione vel molestias.', '2019-05-01 22:09:48'),
(305, 109, 240, 'Eligendi ea earum maiores possimus eum. Saepe iusto inventore vel libero. Porro enim voluptates velit beatae magni eligendi. Est sunt consequatur quas id nihil.', '2020-06-13 01:51:13'),
(306, 112, 250, 'Nesciunt hic rerum recusandae deserunt.', '2016-03-28 23:00:12'),
(307, 110, 211, 'Ut veniam veritatis est neque omnis expedita. Enim ex odit mollitia nisi qui quia ut blanditiis. Qui voluptatem error hic fugiat. Et omnis veniam rerum qui dolorem ipsam quis autem. Voluptas nam aut debitis beatae et eligendi.', '2020-07-29 01:59:46'),
(308, 112, 241, 'Nihil vitae veritatis neque recusandae exercitationem libero. Occaecati autem in eveniet impedit excepturi quibusdam voluptatem error.', '2017-02-09 23:46:31'),
(309, 112, 237, 'Ea quia et sint.', '2014-08-27 00:37:50'),
(310, 112, 279, 'Dignissimos nobis quia officiis quo. Dolorum aut non deleniti laudantium unde veniam adipisci. A nulla quae voluptas vitae adipisci dolorem.', '2020-07-29 20:27:36'),
(311, 106, 304, 'Tempora expedita vitae et quam. Doloribus aspernatur repellendus sint assumenda eligendi. Ullam aliquid ut omnis. Voluptatibus voluptate debitis distinctio ut similique sunt blanditiis. Cum porro inventore aut.', '2018-03-06 15:52:28'),
(312, 107, 267, 'Esse id iusto quasi incidunt libero non unde.', '2020-09-04 11:48:14'),
(313, 106, 215, 'Omnis optio aut et fuga molestias. Magnam sed est eos maxime corrupti distinctio. Ex temporibus nostrum labore ipsum.', '2020-04-30 15:30:21'),
(314, 107, 247, 'Et doloribus labore itaque ad beatae corporis fugit. Facilis consequatur qui voluptas doloribus molestiae sunt unde. Reiciendis ut voluptatem assumenda eos quos cum reprehenderit. Sint eum ipsam omnis asperiores tempora sit.', '2019-03-29 22:10:44'),
(315, 109, 239, 'Odit corporis architecto sequi ducimus. Nihil repudiandae repellat perspiciatis laborum quam maxime. Sint placeat animi illum consequatur vel amet dolorem.', '2019-06-06 06:31:09'),
(316, 106, 229, 'Quas quis non officiis magnam illo.', '2017-11-01 20:56:25'),
(317, 111, 222, 'Saepe beatae harum et et. Consequatur eos sunt et quo sequi. Velit qui dicta blanditiis dolores et eveniet nihil dolorem.', '2017-10-25 05:19:23'),
(318, 105, 239, 'Sunt voluptas totam odio et consequuntur repellendus non. Veritatis omnis repellendus quae at voluptas a. Sapiente tempore enim molestiae sunt voluptatem accusantium id. Ut necessitatibus ratione fugit harum vero iste asperiores.', '2016-05-15 19:35:51'),
(319, 113, 232, 'In aut facere non voluptatem tempore excepturi. Illum et possimus excepturi est facere.', '2020-05-31 06:31:27'),
(320, 112, 259, 'Deserunt praesentium quisquam temporibus ut dolorem. Maxime dolorum esse distinctio voluptas quos doloremque. Labore maxime numquam deserunt.', '2019-01-05 22:54:28'),
(321, 114, 258, 'Ut cupiditate itaque et et ut sunt. Error ut vel doloremque similique.', '2016-10-18 03:44:25'),
(322, 111, 259, 'Esse itaque neque doloremque aut velit rerum.', '2018-10-10 19:43:53'),
(323, 106, 224, 'Facilis deleniti error aut accusantium repellendus. Nostrum dicta assumenda dignissimos ullam et corrupti in. Earum voluptate id magni perferendis cupiditate reiciendis explicabo reprehenderit.', '2020-08-30 01:55:08'),
(324, 110, 303, 'Quas nobis velit sed suscipit autem suscipit accusantium. Omnis voluptatum est sunt est praesentium odit eum consequatur. Non at non fugiat.', '2020-11-10 11:59:36'),
(325, 105, 257, 'Nulla voluptatem dolor tenetur laborum. Distinctio laborum esse repudiandae qui quia quis laudantium. Earum dolor officiis quae. Et asperiores molestiae qui qui eum expedita.', '2014-09-18 15:26:28'),
(326, 111, 299, 'Ut dolores et ut atque ut accusamus. Quia excepturi repellat esse velit beatae est occaecati. Harum sint natus modi quod.', '2020-10-18 11:52:38'),
(327, 114, 227, 'Nisi id recusandae reiciendis eos et. Ut quas excepturi at sed earum.', '2012-11-04 11:48:07'),
(328, 107, 207, 'Asperiores pariatur in dolor magnam neque. Tempore beatae quis amet rerum facere qui et. Asperiores rerum autem corporis molestias et sit vel. Optio fuga eius autem id distinctio excepturi explicabo.', '2020-05-24 20:35:04'),
(329, 106, 306, 'Doloribus quibusdam dolorum similique tempore. Sapiente optio rerum aut ab eum voluptatem. Possimus rerum dolores repudiandae. Rerum consequatur maiores quo officia natus recusandae. Laborum doloribus voluptatem laboriosam suscipit facilis.', '2019-12-11 08:58:06'),
(330, 111, 292, 'Accusantium alias natus illum ex. Porro ea itaque blanditiis.', '2018-04-21 04:19:03'),
(331, 105, 260, 'Accusantium non impedit eaque sapiente in nulla. Consectetur harum recusandae corrupti provident atque corporis. Autem omnis ipsam qui minima.', '2018-01-01 07:23:31'),
(332, 107, 250, 'Tempore consequatur alias itaque nemo accusantium quia sed.', '2018-02-08 01:41:24'),
(333, 106, 218, 'Adipisci et aut voluptas impedit perferendis omnis qui porro. Veritatis enim et doloremque voluptatum nam. Incidunt eos veritatis at quis soluta ullam.', '2020-02-09 08:51:02'),
(334, 106, 299, 'Voluptatum ut architecto provident. Alias odio distinctio quia soluta eum. Quidem totam aut ipsum similique voluptatem veritatis ipsum neque.', '2020-01-21 17:35:44'),
(335, 110, 289, 'Possimus non qui enim nam aliquam ea fuga esse. Est aut aut et sunt.', '2018-07-22 07:30:37'),
(336, 105, 238, 'Atque vel qui corrupti et asperiores dolorem voluptatem.', '2020-10-26 05:20:56'),
(337, 109, 289, 'Rerum quis libero iusto ut. Vel eaque et officiis at et nemo. Totam eos alias dolore et commodi nulla. Minus magni similique dolorem et. Expedita ut ut qui impedit temporibus.', '2020-06-26 22:41:43'),
(338, 108, 245, 'Quaerat et quam eaque hic nulla molestias eveniet. Saepe labore dolore ut doloribus.', '2013-08-10 23:57:27'),
(339, 106, 222, 'Ea dolorem asperiores nulla fuga nihil. Maiores repellendus quas et tenetur cum voluptatibus.', '2018-02-16 23:26:47');

-- --------------------------------------------------------

--
-- Структура таблиці `posts`
--

CREATE TABLE `posts` (
  `id` int(11) UNSIGNED NOT NULL COMMENT 'pk',
  `author_id` int(11) UNSIGNED NOT NULL COMMENT 'fk',
  `category_id` int(11) UNSIGNED DEFAULT NULL COMMENT 'fk',
  `title` varchar(255) NOT NULL,
  `description` varchar(1000) NOT NULL,
  `content` text NOT NULL,
  `status` enum('saved','posted','inprocess','rejected','approved') NOT NULL,
  `date` datetime NOT NULL
) ENGINE=InnoDB DEFAULT CHARSET=utf8mb4;

--
-- Дамп даних таблиці `posts`
--

INSERT INTO `posts` (`id`, `author_id`, `category_id`, `title`, `description`, `content`, `status`, `date`) VALUES
(207, 108, 160, 'Voluptatem dolorem voluptatem sint accusamus autem aut laboriosam ab.', 'Earum in quo et est et cum non sed. Ex nobis deleniti quia voluptas consectetur aliquam. Excepturi corporis corrupti ab labore molestiae amet. Impedit accusamus itaque quaerat iure amet blanditiis voluptatem.', 'Fugit ex praesentium non ullam dolor accusamus. Aut a sit cupiditate sit blanditiis. Pariatur dolore non corporis id assumenda itaque.\n\nEt quibusdam aliquid est error eligendi rerum est. Sint ipsum esse dolor. Reiciendis totam veniam quos sunt alias magni quasi.\n\nProvident eum animi hic quo quo illum sed. Necessitatibus vel qui magni atque molestiae dolores voluptate. Odio ex unde perferendis dolores.\n\nDolores qui voluptates quia omnis error dolor optio sed. Est accusamus quia laboriosam recusandae ut ut. Quibusdam sit nihil occaecati dolor et et.\n\nNecessitatibus eum et nulla soluta. Accusantium officiis maiores nihil quo aliquam reiciendis. Perspiciatis laudantium officia provident et facere totam neque. Assumenda est rerum incidunt. Est quasi aperiam tenetur atque ut labore.\n\nUt voluptates aut et. Aut veritatis non omnis nesciunt. Commodi sit excepturi sequi debitis consequatur. Assumenda cupiditate error officiis iure minima.\n\nUt blanditiis omnis similique eum saepe rerum aut. Distinctio dicta magnam inventore praesentium. Excepturi esse nulla dolor voluptatem at corporis rerum consequatur. Itaque voluptatem ducimus qui nihil eligendi voluptatem.\n\nAperiam maxime inventore itaque sit dolore quas. Consequatur voluptate nihil sed molestiae corrupti. Vitae illo ea voluptatum ut.\n\nVoluptatibus enim possimus itaque minima maiores. Et recusandae quia aspernatur iure facere. Dolorem dignissimos at praesentium non et molestiae.\n\nExplicabo aspernatur repellat sunt ducimus et. Nisi sit exercitationem voluptatem animi delectus ut. Eum deserunt occaecati veniam perferendis qui.\n\nAtque aut beatae fugiat sequi. Voluptatem quibusdam voluptas eum. Animi dolorem iure voluptatem.\n\nAut voluptas nemo molestias. Voluptatem rerum id ullam sint necessitatibus sunt expedita voluptatem. Cupiditate repellat non eos expedita et et. Atque qui quod consequatur fugit quia occaecati sed.\n\nNihil animi voluptates autem odit est illum rerum id. Est pariatur tempore harum.', 'posted', '2019-10-26 03:52:05'),
(208, 105, 163, 'Et quaerat dicta voluptas sed.', 'Voluptatem molestiae animi vitae ut unde nihil. Natus distinctio dolorem dignissimos fugiat. Possimus assumenda voluptas porro optio dolore sint.', 'Ratione et non laudantium et harum aperiam ut. Doloremque qui perspiciatis reprehenderit numquam quis officia. Possimus aspernatur aperiam minus reiciendis.\n\nCupiditate ullam modi iste distinctio alias asperiores iste. Quia et mollitia dolore esse adipisci iste ullam. Laboriosam quidem repellat voluptatem modi ut porro eligendi non. Corporis fugiat sint qui neque eum exercitationem.\n\nAlias ut est odio maiores in alias rem odit. Eum omnis nihil praesentium molestiae error. Sed est hic nulla est. Ut laudantium consequatur voluptas aliquid reiciendis.\n\nConsequatur itaque qui est. Omnis expedita ullam officiis qui qui explicabo. Vel quaerat omnis qui magnam.\n\nQuidem iusto in rerum et sed. Neque ut doloribus quis est. Harum et labore ut itaque illo quibusdam. Voluptas aut expedita omnis deleniti neque ipsum sunt ad.\n\nSit placeat laudantium consequatur iure natus iusto officia. Quo a omnis voluptas. Quia quidem corporis aliquam corporis fugit est. Ut aliquam alias rerum odit quisquam nihil.\n\nUt soluta cum distinctio in culpa tempore. Aut voluptatibus est molestiae dolor est sunt. Impedit et neque velit. Quae occaecati et voluptatem totam minima.\n\nEius voluptatem pariatur consectetur soluta laborum maiores. Ducimus quia ea necessitatibus itaque porro iusto quisquam. Impedit earum recusandae qui in facilis.\n\nAut recusandae beatae quis eaque quas labore ea nam. Autem exercitationem quia ducimus quaerat. Impedit dolor quo placeat non molestiae sit.\n\nIllum illum consectetur nihil voluptatem aut possimus. Ducimus dolor magni quisquam quo doloribus ex. Consequatur dolor voluptatum dolorem nemo maiores commodi.\n\nUt dolorum quo iure voluptatem architecto dicta ratione. Atque et laborum occaecati hic libero eos vero. Quasi quis vitae et et.\n\nRem fugit consequatur distinctio. Id et nisi ducimus qui eos. Ullam doloribus quia numquam maxime tempora fugit molestiae dicta. Aspernatur nihil sit rem inventore ad deserunt.', 'rejected', '2020-10-10 16:20:54'),
(209, 109, 153, 'Iure et blanditiis voluptatem pariatur eum recusandae.', 'Repudiandae ab facere accusantium qui dolores est. Rerum officiis et nobis fuga officia. Magni aperiam quidem enim sit consequatur ab.', 'Quo eum culpa dolores et illum tempora dolor. Eius eaque ut ut autem. Eius corrupti repudiandae in doloribus vitae aut rerum reprehenderit.\n\nEos occaecati et fugit enim ut non qui. Sed atque ut vel voluptas laboriosam. Odio perspiciatis rerum et amet fuga tempore.\n\nEligendi eum ut non voluptatibus qui veniam repellat repudiandae. Expedita tenetur corrupti et nisi quaerat asperiores accusantium. Maiores perferendis neque unde eos.\n\nTemporibus enim velit praesentium velit eius neque voluptatem. Voluptate accusantium reiciendis et ut sunt. Sequi et iste quas. Qui ut non quae nihil incidunt rem ullam excepturi. Qui voluptatibus reprehenderit explicabo doloremque minima.\n\nAperiam sit perspiciatis consequatur nam temporibus. Ipsum nobis nobis reiciendis aperiam harum. Consequatur blanditiis ut suscipit itaque atque recusandae animi. Corrupti et labore saepe sit et perferendis et ut.\n\nRatione temporibus id quidem mollitia. Maxime impedit accusantium in voluptatibus dolorem omnis doloribus. Repellendus error quam voluptatem aut laboriosam dolorem.\n\nPerspiciatis quam vel alias molestiae. Sequi incidunt qui harum qui odit facilis qui. Dolores ut ad voluptas dicta.\n\nEt aut saepe porro est. Quo quo quia non accusantium rem. Qui molestiae totam iure est itaque.\n\nQuia veritatis sit repudiandae amet provident. Excepturi fuga nulla et quis. Provident sit amet ut iste et quam nisi.\n\nSit illum iusto nulla. Delectus vel voluptate cumque et aliquam. Accusamus illum exercitationem quisquam quia est maiores consectetur.\n\nEst officia iste ab ut qui ut at. Quia quisquam facere dolorem minima occaecati. Reiciendis sunt eligendi nihil modi aliquam reiciendis.\n\nAliquam vero voluptatem tenetur officia eaque. Voluptates eos cupiditate blanditiis fugiat consequatur rerum debitis. Fugit repellendus modi repellat eos. Dolorem dolores et ab rerum eius minima.\n\nAut quis ipsa deleniti molestias tempore quas. Quasi est distinctio iure.\n\nNihil accusamus modi quia aut animi autem sed at. Velit et ipsa aut earum adipisci nemo voluptas. Culpa aspernatur iusto repellat id esse ad. Esse autem nemo ab ducimus.', 'inprocess', '2015-04-22 00:53:34'),
(210, 109, 155, 'Reprehenderit omnis aut totam eaque tenetur eius.', 'Itaque consequuntur deserunt quibusdam et aut. Nostrum occaecati deserunt blanditiis et qui harum non distinctio. Cum eveniet debitis quia quia quo nemo quia. Iste non magni laboriosam nesciunt ullam ducimus. Nesciunt distinctio fuga nihil rerum ut error.', 'Aut aut quam mollitia reprehenderit nisi ut est. Hic non voluptatibus voluptatem ut qui optio ratione optio. Quia unde est veritatis tempora. Numquam voluptatibus recusandae culpa voluptate consectetur porro.\n\nRerum reiciendis sapiente placeat sapiente. Laborum porro quis dolor nam quasi. Quo repellendus id quam impedit. Nostrum quibusdam eos ipsum doloribus nobis.\n\nProvident ullam dolore nulla deserunt rerum repellendus. Quia odio maxime amet cumque optio. Voluptatem esse dolorum voluptate. Ut officiis expedita architecto.\n\nVoluptatum eum voluptatum placeat odio facilis doloremque dolorem. Vero corporis rerum laudantium possimus ut. Aut aut pariatur deserunt inventore est.\n\nPossimus dicta ipsa aut in iste aut dolor. Temporibus sed vel magni blanditiis velit qui consequatur.\n\nNon consequatur maxime quae dolores iusto perferendis nobis. Iste earum veniam recusandae earum quidem exercitationem excepturi.\n\nIn ut iusto velit. Minima cum omnis dolor magnam fugiat. In provident ab qui quia inventore aut.\n\nNon in iste esse ab ipsa. Sit est explicabo natus expedita rem vero sed dignissimos. Enim cupiditate ratione officia doloribus tempora voluptates minus. Aliquam non ipsa velit quas repellendus ullam eos.\n\nQuis sunt tempore libero harum rem quia aut. Esse quasi velit saepe quia. Veritatis ex qui dolores illo.\n\nLibero aspernatur quisquam totam architecto. Iure consequatur repellat rem ipsa cum nisi in. Placeat ullam et aut molestiae nam harum voluptas. Est dolor dolor tenetur iusto deserunt.\n\nMaiores reprehenderit soluta harum nostrum repudiandae. Dolore non molestiae qui impedit impedit qui et. Nulla error officia praesentium omnis omnis velit.\n\nQuibusdam similique deleniti voluptatibus perferendis nobis sed laborum. Eum voluptate qui quia voluptatem qui officia.', 'posted', '2020-01-25 02:39:14'),
(211, 111, 164, 'Vitae earum modi ipsum ea repellat est.', 'Hic tempore vel laborum quae. Tempore enim atque sit velit non ut. Voluptatem deleniti cumque architecto laudantium aut sit vero. Quo qui accusantium aperiam ducimus aut perspiciatis est.', 'Ipsam amet libero voluptatum non nemo. Porro et et libero quidem dignissimos accusamus tempore. Culpa molestiae tempora repudiandae magni.\n\nEst aliquid expedita expedita. Explicabo minus et perferendis voluptatibus aliquam in. Illo aspernatur in porro mollitia praesentium earum.\n\nSint ut esse excepturi ut vitae quia at. Similique error ea doloremque ut non. Ut incidunt et tempore commodi id omnis expedita. Qui enim quas dolorum in molestiae. Reiciendis aut labore saepe autem repudiandae placeat voluptatum.\n\nOfficia saepe dolor commodi aperiam consectetur voluptatum aut. Non distinctio sit et voluptatum in qui. Quidem sequi similique qui omnis ad.\n\nDicta eum et tempore ullam illum. Autem vel quaerat culpa impedit mollitia occaecati mollitia. Voluptates optio ab repudiandae id rerum.\n\nMagni voluptas sit eligendi ut vel rerum. Molestiae voluptatem provident sapiente nulla repudiandae distinctio est. Eligendi officiis sit unde dignissimos. Natus hic at qui nihil.\n\nIste ut excepturi est quidem est eum veritatis ut. Sint ipsa odit cupiditate excepturi minima modi. Animi assumenda eligendi sunt maxime aut. Et voluptates sint sint magni temporibus.\n\nTemporibus et dolor eos quasi. Voluptatem eveniet velit laborum est ea mollitia. Ut aut commodi vitae velit vel officiis. Corrupti quasi voluptas explicabo quidem enim eos.\n\nEt quos fuga quidem pariatur repellendus aut. Dolorem aut placeat corporis id laudantium possimus. Earum vel voluptas dolor vel. Enim cumque et aut animi cumque.\n\nAut numquam ipsa animi officia dolores iusto voluptas. Ut omnis qui accusantium quo. Eos quos id placeat minima culpa odio ut. Numquam sint neque dolorem voluptatem ullam.\n\nNulla numquam facilis vitae iste excepturi. Rerum maiores est quasi quae sed aliquam recusandae. Voluptate dolorum eveniet et. Architecto beatae doloremque non et. Nam qui non labore aspernatur ipsa eveniet dolor.\n\nTempora dicta nesciunt accusamus natus quibusdam rerum molestias. Ut et consectetur assumenda rem aut. Facilis est id animi ut quo fugit maiores.\n\nQuam exercitationem a aut beatae velit assumenda. Illum sed omnis amet. Voluptates molestias atque facere nemo quod. Voluptas excepturi qui eligendi ut. Cum perferendis quis ut et et vero.\n\nSint quia vero dolorem vel delectus distinctio. Harum accusantium quia delectus velit aliquam. Aut quasi quos fugit incidunt odit libero.\n\nEst ipsam aut voluptatum in. Inventore ipsum dolorum temporibus quasi ut officia veniam. Non nihil aut et veniam.', 'approved', '2016-09-01 13:37:35'),
(212, 113, 158, 'In eos repellendus non aut.', 'Dicta eum voluptate temporibus dicta quo. Aperiam cum iusto ullam mollitia. Et quam eum eveniet aut occaecati. Neque velit adipisci ea rem.', 'Id doloremque illo non expedita. Sit ut eveniet quam quod voluptas distinctio odit.\n\nQuisquam adipisci veritatis ut. Omnis sed laboriosam distinctio dolorem quia neque praesentium.\n\nVoluptas ipsam sunt adipisci occaecati. Atque ducimus in velit molestias quam. Sit nostrum vel odit placeat. Laudantium quam similique ex voluptatem. Tempore eveniet et totam eos velit.\n\nNon beatae natus quo error labore excepturi similique. Totam qui reiciendis non qui dolore. Molestiae veritatis sed beatae aut ipsam. Nihil magni non eaque aut facere sunt doloribus quis.\n\nDolores ipsam eligendi maiores. Sequi aperiam minima eum est nesciunt. Fugit placeat assumenda error quia odit repellendus.\n\nVel perspiciatis est quae saepe quasi officiis. Qui ut exercitationem laudantium quia hic architecto. Et saepe quis soluta illum molestiae quo molestias.\n\nNesciunt atque commodi perferendis nihil modi rerum. Rem laborum rem esse dolorum dicta. Vitae ea fugit corporis qui voluptate ea distinctio. Eos mollitia culpa earum temporibus libero commodi omnis.\n\nVelit placeat et nemo numquam. Molestias quibusdam perferendis nihil dolorem. Veniam et quidem minus dolores laboriosam officiis. Alias est nisi explicabo commodi.\n\nConsequatur excepturi occaecati odio mollitia perspiciatis mollitia. Inventore dolor quos ut qui totam. Dolore sit expedita molestias distinctio et autem. Temporibus sit eaque velit quae quia officia accusamus et. Aut et corrupti veniam animi.\n\nNulla aut rerum autem aut qui qui recusandae. Quam ut aliquam sapiente. Tempore quas dolores velit velit iste saepe repudiandae.\n\nUt dignissimos animi quam. Pariatur labore expedita sit asperiores. Beatae in quidem maiores.\n\nVoluptatibus et et excepturi atque sit velit. Earum unde veniam distinctio perspiciatis sed alias aliquam. Consectetur vel dolores similique ipsam quisquam.\n\nQuae ad eos est. Pariatur dolor dicta voluptatum non. Qui consequuntur veniam eum cum veritatis fugiat.\n\nNon est consequatur eveniet asperiores cupiditate magnam dolorum. Quam ex culpa ratione. Sequi quibusdam praesentium ea alias.\n\nCupiditate dolor id qui enim vitae. Nostrum numquam sit inventore dolor commodi earum et. Vel dignissimos asperiores sapiente exercitationem odio. Enim adipisci minima magnam quisquam quibusdam eius ad.', 'posted', '2013-10-31 04:19:33'),
(213, 110, 157, 'Quae id omnis iure eius in corporis.', 'Aliquid veritatis doloribus reiciendis fugiat et. Natus fuga omnis tempora qui dignissimos assumenda. Sit error ut iure et.', 'Vel quia voluptatem pariatur et ipsa possimus. Consectetur dolorem officiis enim quis voluptatem nisi. Quia ratione molestias est dolor ad laudantium. Occaecati assumenda vel et quisquam rerum et.\n\nExpedita accusamus et eum. Aut hic rem ducimus consequatur. Amet qui est vitae incidunt et exercitationem. A quia non ipsam quod sit.\n\nLaudantium natus velit dolor eum iusto nostrum blanditiis. Consectetur facilis autem aut dolores provident. Optio possimus sequi sunt aut quae dolore molestias.\n\nVoluptatibus voluptatem delectus molestiae. Sit necessitatibus consequuntur voluptatibus ipsam accusantium ab qui. Ullam quam amet qui praesentium.\n\nEt mollitia voluptatibus sit maxime. Et et iure fugit officiis maiores et laboriosam. Itaque fugit ut qui odio. Eum autem veniam quam neque in.\n\nOfficiis hic enim rerum nam aut tempore tempore veritatis. Magni necessitatibus vitae est dolor. Rerum cupiditate nemo reiciendis voluptatem voluptatem in eos omnis.\n\nVoluptatem eligendi provident aliquam eum dolorum inventore. Rerum a illum sint deleniti perspiciatis. Velit quae est accusantium.\n\nCum explicabo modi inventore. Ex animi consequatur consequuntur omnis. Et inventore alias omnis et eius. Quia magnam eaque odio enim dicta et.\n\nAb nihil debitis eveniet dolor. Non id omnis sit pariatur ratione. Ut quidem natus eum placeat.\n\nIn ad dolor et animi pariatur excepturi consequatur suscipit. Mollitia non odit quae. Optio esse suscipit nulla. Qui quidem id autem beatae. Eos aliquam esse optio culpa voluptates.\n\nPerferendis ex est et molestias est voluptates. Illum deleniti repudiandae dolores quibusdam saepe in. Architecto placeat vel aut adipisci eligendi. Tenetur harum quam id sit occaecati.\n\nPorro consequatur quo alias doloremque autem et. Sint commodi sapiente inventore consequatur facilis dolores sunt. Numquam quod reiciendis commodi sequi. Ut eum sequi deserunt rem provident inventore ut dolorem.', 'saved', '2019-06-02 16:08:33'),
(214, 107, 157, 'Optio a veniam alias animi voluptas consectetur et quos.', 'Quo ut excepturi eaque sit quasi nihil quia. Magnam dicta est occaecati in hic autem qui. Consequatur vel odit ipsum qui cum.', 'Ut numquam rerum quia natus labore nam distinctio. Doloremque id nemo voluptatem quisquam. Qui nulla atque voluptatem incidunt.\n\nModi aspernatur doloribus reiciendis exercitationem molestiae accusantium iste. Repudiandae officia tempore accusamus est et eligendi laboriosam. Dolorum occaecati aliquid est sint et aut quo.\n\nMolestiae accusantium ea qui nulla at aliquid quia aut. Eligendi molestiae non quos dolore sint repellendus assumenda. Officiis rerum dolorem quo beatae aut aspernatur.\n\nEx quia dicta adipisci quaerat nam. Dolor autem officiis sunt sit qui. Ut sint consequatur aut vero. Aspernatur totam voluptate eos. Consectetur aspernatur est molestiae nihil nam beatae odio error.\n\nNon autem in voluptatum. Numquam placeat illum nesciunt vel omnis. Necessitatibus nam voluptas sequi. Quis ex asperiores dolore.\n\nRepellendus qui perspiciatis ipsam omnis. Perferendis aliquid sit tempore officia. Quis accusamus ipsa dolore aspernatur molestias dicta beatae. Quod recusandae tempora illum laborum distinctio itaque fugiat.\n\nIpsa eveniet est enim. Consequatur cupiditate quam voluptatem aperiam deserunt. Omnis deleniti soluta illum accusamus quod.\n\nReprehenderit enim rerum ut explicabo maxime. Quidem fugit eum et vel quasi delectus. Culpa numquam corrupti ea vitae. Labore quo quasi consequuntur nostrum necessitatibus ea deserunt.\n\nVelit sequi accusantium unde animi illo. Aut aperiam autem ipsa totam debitis. Provident quam aspernatur enim libero. Ab aut aut in.\n\nOccaecati expedita illum voluptates rerum. Unde magnam tempore repudiandae. Saepe esse fugiat dolorum odit qui quas. Quis ratione fugit et asperiores iste ipsa sunt.\n\nUnde laborum non eos corrupti corrupti sed iusto quia. Nulla cum qui qui nam qui. Rerum ullam sunt voluptas. Aliquid dolores veritatis ullam iusto aut possimus sunt.\n\nMollitia vel occaecati dolorem odio sint non. Molestiae quia libero atque dolores. Quis earum dolore cum ut at ea rerum quia.\n\nVoluptas labore itaque quae. Cupiditate quae asperiores temporibus consequatur consequatur. Molestias earum quidem minus consequuntur et tempora itaque.', 'posted', '2013-05-07 23:50:31'),
(215, 112, 160, 'Id possimus maiores quis consequatur veniam natus.', 'Delectus rerum labore ipsa cumque dolor iusto. Et labore est optio quas fugiat fugit fuga. Voluptas ad occaecati error ut voluptas.', 'Quos labore et necessitatibus rerum et quam quas. Dignissimos accusantium non ex iste.\n\nInventore suscipit odit consequatur corporis dignissimos non labore. Et architecto et pariatur qui repellat et ducimus. Quae quis qui aut non eum facilis vel. Temporibus adipisci perferendis aliquam aut sit totam quo.\n\nRepellendus dolores doloremque fugit tempora eius delectus. Excepturi ut nesciunt non numquam. Enim voluptas aliquam voluptatem nostrum. Mollitia saepe reprehenderit sunt eum commodi.\n\nCorrupti qui sit repudiandae itaque quis. Dolor non sit facere eos saepe dolorem. Est nihil vero dolorem quisquam ab.\n\nAccusamus et atque id omnis impedit. Vel blanditiis enim velit ipsa dolorem. Recusandae excepturi maiores voluptas ad. Voluptatibus voluptatem qui quasi et hic omnis quas. Nemo magnam explicabo officia voluptas quidem.\n\nEt sunt hic sed laborum ut excepturi quibusdam. Magni veritatis animi esse. Voluptas voluptas suscipit corrupti iusto velit sunt error ut. Et est eos accusantium quas. Excepturi architecto qui dignissimos ullam.\n\nConsectetur quis cumque deserunt temporibus quaerat doloremque nam. Facere id adipisci magnam ullam libero architecto aliquid. Aut dolorem sapiente placeat voluptate ut ut. Dolores harum ab voluptatibus autem.\n\nQuia aperiam quisquam magnam nihil sapiente voluptatem eum. Assumenda culpa voluptas sapiente sunt rerum aut sapiente et.\n\nEligendi libero eos est ipsum consequatur fugiat. Cupiditate autem totam suscipit fugiat. Cupiditate provident fugit similique neque eum libero. Voluptate voluptatem occaecati debitis debitis.\n\nEaque autem culpa in beatae voluptate a. Dolorum hic fuga totam qui.\n\nEos ea sit quisquam ipsum. Fugit iusto tempore neque in dicta voluptatem. Laboriosam occaecati totam vitae qui adipisci nemo. Corporis atque repudiandae exercitationem culpa suscipit. Sit aspernatur dicta totam qui.\n\nOmnis dolorem nesciunt aut aspernatur natus. Asperiores accusantium quod ut magnam dolorem. Ut et veniam cumque perspiciatis dolore voluptas recusandae. Odit ea quod sit et enim quibusdam molestiae aut.\n\nUt ea voluptas est qui enim. Ad nemo unde esse. Dolorum perspiciatis ut porro quas. Quo nulla corrupti et dolorem rerum.\n\nVelit modi voluptatem ipsam qui. Voluptate dolore velit saepe quas error dolorem voluptatem beatae. Eos illum consequatur repellendus quibusdam beatae aut laborum aut. Et fuga quos ipsam ad sunt.\n\nRerum eum voluptas cupiditate natus. Modi reprehenderit maxime et vel. Labore neque iste iusto impedit porro. Voluptas illo dolorem quis itaque commodi.', 'rejected', '2012-12-21 04:12:20'),
(216, 110, 161, 'Sint dolorum odio velit asperiores.', 'Ullam quibusdam reiciendis error blanditiis officia tempora facere. Consequatur rerum quo rem et sunt quam dolores. Veniam sed aliquam omnis est.', 'Eius dolore placeat dignissimos minus nihil nisi rerum. Repudiandae aperiam in occaecati sit voluptatem et tempore veniam. Blanditiis similique harum et quod ex quia nisi. Tenetur eveniet voluptatem saepe eos reprehenderit.\n\nSit nihil ipsam ut facilis omnis fugiat. Molestias sunt dolores reiciendis eum. Quidem tenetur incidunt non optio at. Dolor odio eos dolores dolorum.\n\nSaepe voluptatem quo beatae cumque. Iste occaecati saepe vitae libero eum. Corporis autem earum sed velit asperiores dolore.\n\nIllo ut impedit cupiditate sed minus aut animi. Maiores ipsam et eligendi adipisci. Sed mollitia repellat est error quaerat.\n\nEt ut aut earum reprehenderit reiciendis. Non qui qui molestiae consequatur est officia cupiditate quia. Sit aut distinctio eveniet.\n\nQui et velit ratione. Vitae voluptatem corrupti sunt soluta. Amet possimus suscipit eum eveniet repellat. Nostrum eum quo voluptatem aut molestiae.\n\nAut dolorem velit dolorum nostrum a quos facere. Dolorem ratione error minus laboriosam quos optio. Rerum illo perferendis quia tempora.\n\nEt quisquam nihil illo est nobis necessitatibus. Provident ducimus labore ut non. Voluptatem laboriosam velit laborum quia quidem accusantium mollitia. Temporibus aut reiciendis sit laborum et eum.\n\nMolestiae perspiciatis aut deleniti occaecati. Sunt ducimus aliquid labore similique. Vel odio sint consequatur sequi. Id adipisci nostrum provident vel dolores.\n\nPraesentium vel facere non. Voluptas quisquam itaque et illum in autem similique dicta. Quibusdam quidem esse cum beatae beatae sed. Molestiae itaque adipisci dolor animi est qui vero.\n\nVoluptatem ut beatae rerum officia dolorum. Dolor aut voluptatem eum quis quisquam quos voluptatibus qui.\n\nIllo sint qui aliquid nihil. Quasi dolorem nulla dignissimos dicta illum.\n\nEt quae alias adipisci aut mollitia molestiae. Velit officiis autem necessitatibus ut id sit quo. Voluptates aliquid voluptas omnis.', 'approved', '2019-06-04 08:08:39'),
(217, 106, 164, 'Eaque voluptatibus animi amet in minima sint occaecati.', 'Dicta libero voluptatem delectus numquam minus officiis vel earum. Sunt asperiores reprehenderit natus vel perferendis recusandae aut. Quod sit voluptatem aliquid animi. Ex modi sed earum harum rerum cum voluptatem.', 'Libero sit facere quis praesentium quas rerum. Ex quos et animi voluptatem dolores consequatur. Ex dicta consequatur omnis.\n\nPossimus modi dolores quo eum et laudantium ut. Esse voluptatem accusamus doloremque est. Perferendis neque possimus nisi ratione.\n\nEos consequatur totam doloribus saepe. Et illum omnis molestiae quod consequatur corporis repellat nihil.\n\nQui ex debitis maxime quasi ratione harum sequi. Et qui ut inventore est quis consequuntur. Quia mollitia cum ut rem assumenda iusto sit. Distinctio error cum sint consectetur voluptatum perspiciatis.\n\nQui repellat aut deleniti aut impedit necessitatibus illo. Doloribus aut culpa dolor dolorem. Eos unde possimus nemo et nam. Facilis non optio non quia. Consequuntur tempora cum id aliquid ut.\n\nIure debitis velit quisquam veniam deleniti. Expedita nemo quo voluptas pariatur id numquam quia. Praesentium labore accusantium qui placeat assumenda.\n\nEst at eius vitae dolorem asperiores cumque dolores. Voluptatem odio animi nostrum voluptatibus. Non ut rem sit nostrum.\n\nRecusandae quis et autem molestiae consequatur. Repellendus ea numquam ex repellendus. Et quae tempora non sed voluptatem. Sed vel sint et aliquam numquam illo ea.\n\nQuia iste amet voluptatibus. Soluta nisi in natus soluta nemo cupiditate ut. Iste et dicta rerum non quia et. Occaecati dolores occaecati qui sint maxime modi.\n\nFuga ipsa voluptatem et enim porro. Natus dolore earum dolorem. Doloremque voluptates ut cupiditate repellendus voluptate aut est. Aut sequi iste repellendus.', 'posted', '2017-05-08 11:58:48'),
(218, 109, 163, 'Qui consequatur quod rerum vel molestiae consequatur aspernatur.', 'Aut ut dicta eos optio vel. Consectetur in sit et id. Officiis dolores dignissimos est est voluptatem.', 'Saepe tenetur neque maxime. Ipsum perferendis dolor perferendis est.\n\nOmnis assumenda quasi in et magni. Doloremque modi at est doloremque qui. Ipsam voluptatibus accusamus aut ut. Ut omnis aut fugit veniam tempore sit ad. Mollitia eveniet expedita voluptatibus rerum qui.\n\nLaudantium ab minima quam nam. Fuga non accusamus architecto cum quia corrupti commodi. Temporibus architecto aliquid magnam neque inventore voluptatem dignissimos in. Nihil accusantium culpa eligendi quaerat.\n\nEst vel quia et odit laboriosam reprehenderit. Dolorem sunt et omnis sapiente omnis mollitia non. Itaque delectus tempora quas ad consectetur.\n\nRepellendus quasi ipsum et dolorem enim aut voluptas. Qui nam sit aut. Perferendis blanditiis numquam voluptatem cupiditate est. Repudiandae et ratione voluptatem at.\n\nQuia molestiae sint ut quia sed. Harum voluptatem qui quia ut repudiandae et ut ipsam. Voluptas doloribus voluptatum consequatur dolorem aliquid autem ratione eaque. Voluptate sequi tempore non libero.\n\nIllum voluptatem aperiam natus neque. Blanditiis delectus quaerat perspiciatis aperiam quae. Pariatur id voluptatem explicabo qui. Corporis illo aut inventore sint ut earum quis.\n\nEarum officiis consequatur adipisci corporis quod sit. Sint nisi laboriosam illum aut est labore quas.\n\nAccusamus consequuntur velit consequatur necessitatibus eum repellat nesciunt. Sit et quis consequatur assumenda vitae quis dolores maiores. Voluptatum maxime doloremque non voluptatum. Cupiditate nulla accusamus qui libero commodi. Voluptatem et esse aliquam excepturi temporibus voluptate cum.\n\nQuas voluptatibus eos consectetur ea. Alias vel vel eligendi officia corporis. Eveniet delectus qui at nulla commodi.\n\nOmnis iste qui maiores eum unde. Sunt ut vel ullam dolores.\n\nEarum atque magni eveniet sit distinctio provident aut. Natus cumque voluptatem ea aperiam rerum qui quidem. Esse id quos et aut.\n\nSapiente illum voluptatem reprehenderit aperiam nihil earum quos. Excepturi reiciendis libero quis dolor eum laudantium animi. Natus et molestiae vero quae ut.\n\nId et assumenda sed omnis. Eos qui ut culpa sit fuga fugiat sit vel. Iste quasi quibusdam provident quaerat.\n\nFuga esse et sunt alias et enim. Doloremque ab aut reprehenderit itaque consequatur sit. Eveniet corporis libero voluptatibus aut nesciunt consequatur est. Quisquam dolor nam facere dolores aut quaerat accusamus.', 'inprocess', '2012-01-04 08:02:47'),
(219, 110, 156, 'Qui repellat magnam veritatis ut doloremque deleniti.', 'Accusamus voluptatibus in consequatur ipsa sequi magnam ab. Eos rem suscipit ipsam ea. Ut sed rerum voluptate vero voluptatem nesciunt eligendi. Autem sed et reprehenderit et a totam.', 'Tenetur voluptate fugiat ipsam et. Nulla expedita voluptatum reprehenderit delectus provident at. Ipsa qui ratione incidunt expedita impedit et.\n\nQuia et et tenetur voluptatem est facere veniam. Ipsum exercitationem dolor dolores consequatur. Explicabo tenetur dolorem sunt. Et ut illo optio officia qui alias.\n\nExcepturi velit tempora fugiat voluptatem sit sit maxime. Reiciendis unde nesciunt vero assumenda nostrum.\n\nNemo quia facere molestiae vel dignissimos sit perferendis. Enim nihil quasi eum dolores quia alias. Rerum molestiae voluptatem et minima est repellat. Suscipit illum assumenda nostrum est blanditiis.\n\nSit et rerum sint repellendus itaque. Distinctio architecto et blanditiis aliquid maxime sed. Consequatur sapiente dolore sunt ipsam. Et dignissimos reprehenderit aut voluptas.\n\nDoloremque voluptatum omnis eos. Impedit velit quasi et amet quo quis voluptatem. Qui minus blanditiis sunt animi accusamus est temporibus. Fuga reiciendis sequi voluptas ex nulla aut.\n\nQuisquam in ab voluptas voluptatum voluptates error eum. Possimus a qui excepturi occaecati soluta similique. Qui consectetur esse omnis nobis est odio. Ducimus qui sed ducimus quo incidunt dolorem qui.\n\nNumquam est deserunt veritatis consequatur earum. Excepturi aspernatur et autem amet incidunt illo. Quia aut vel mollitia sed sint sed nihil. Qui aperiam perspiciatis porro autem.\n\nBlanditiis tenetur eveniet eaque. Sed praesentium fugiat dolor et suscipit et. Quia provident nisi minima in incidunt similique perferendis.\n\nNumquam dolore explicabo similique rerum. Velit neque placeat sint maxime. Esse qui sunt accusantium earum in.\n\nNumquam quam sunt quo. Eius architecto quam velit. Quo totam architecto maiores repudiandae error accusamus quia. Ullam est sed sint ipsa. Sit veniam dolorem id debitis non dicta.\n\nAccusamus quis exercitationem unde numquam. Omnis sunt iste maiores ex est voluptas fugiat. Eius eaque voluptatem omnis accusantium nulla sit possimus. Provident officiis vero odio ut est ut.', 'inprocess', '2011-03-12 06:54:00'),
(220, 111, 153, 'Est nihil suscipit qui aut pariatur omnis.', 'Accusamus quis ad reprehenderit voluptatem et. Velit ratione ut molestiae impedit aut quisquam. Autem id fuga itaque occaecati mollitia. Id ut itaque vero itaque recusandae et.', 'Quia ut molestiae rem recusandae velit nemo quae iure. Quia nesciunt atque in. Qui hic non officiis exercitationem sint.\n\nMolestiae asperiores rerum pariatur facere. A qui officia in non voluptate. Doloremque nobis est alias quaerat sed maiores at. Occaecati laudantium voluptatem consectetur.\n\nAlias possimus ut delectus qui odio eveniet. Ipsam ad et eaque amet et voluptas cum. Esse aliquid cumque quis distinctio. Rem minus quasi expedita autem numquam. Voluptas consequuntur qui voluptas pariatur aut.\n\nVoluptatem veniam sunt facilis illum molestiae rerum. Debitis aut officia sit. Eligendi nostrum et et accusamus tenetur omnis assumenda. Facilis in voluptas qui amet quos autem.\n\nFugit magni nulla ut et. Sit dolores dignissimos rerum distinctio ut perferendis distinctio nihil. Sit perspiciatis velit voluptas sint et.\n\nQuas adipisci eveniet cum odio incidunt saepe iusto. Pariatur in veritatis aliquam impedit et iste facere. Reiciendis porro maiores laborum odio eligendi voluptatum. Quam sed quia aut deleniti odit perspiciatis.\n\nHic voluptatem minus provident ea. Neque voluptatibus laborum maxime ut beatae. Quaerat iure debitis nisi dolorem eius consequatur repellendus.\n\nQuia qui est nihil rem. Qui itaque et maiores. Nihil et quos nostrum quia molestiae. Aut facere reiciendis ipsum in nam veritatis adipisci. Non accusantium velit fugit nostrum vel amet quia illo.\n\nConsectetur occaecati sit asperiores placeat et. Eum voluptatem tenetur velit reprehenderit iusto consequatur. Sed unde amet voluptatem nemo ducimus eveniet quasi. Fugit voluptatem tempora qui voluptates. Quia velit ut consequuntur deleniti.\n\nConsequatur iure modi rerum dolorem praesentium. Placeat corrupti necessitatibus ab animi sed delectus optio est. Voluptatem dolor aperiam error asperiores.\n\nTempora ea est consequatur voluptatem eos rem quaerat. Velit praesentium hic et velit dolorem sed. Adipisci qui aut sint veniam. Recusandae ratione amet et modi.\n\nLaborum quis ipsum quia rerum quod quisquam aperiam. Aperiam voluptas est vero accusantium ipsa. Hic deserunt exercitationem optio optio. Dicta architecto voluptas iste sapiente ut ea.\n\nIusto laboriosam soluta voluptatem accusamus reiciendis sapiente. Velit ea sit aliquam sunt est. Animi ullam hic iure corrupti quibusdam saepe at autem. Velit dolores et odio voluptatem occaecati. Necessitatibus ullam minus ut fugit et quas sint.\n\nAspernatur dolor id eveniet ratione fuga. Repellat et dolorem expedita qui enim porro. Aliquam eligendi voluptate nihil vitae molestiae velit numquam. Aperiam dolores velit minus voluptatum.', 'approved', '2018-09-01 20:47:34'),
(221, 107, 158, 'Corporis sit voluptatem quae expedita nesciunt atque.', 'Harum facere voluptatem autem quod quaerat ipsum. Facere ea vitae ut maiores sint repudiandae vel. Veniam magni et id et natus. Consectetur voluptas cum placeat non cupiditate. Molestiae amet exercitationem voluptas voluptatum amet.', 'Sunt laborum et ad ad exercitationem. Animi dolorem ut incidunt voluptas in tenetur reiciendis. Aut tempore porro non ipsum hic. Labore autem dolorum possimus repudiandae. Molestiae dolores atque minima vitae deserunt delectus explicabo.\n\nRepellat est harum ut sit quo libero. Ducimus mollitia culpa eum qui ipsa. Est ea voluptas distinctio iste et.\n\nEst veniam eos dolores recusandae. In aperiam voluptatum ab modi. Debitis quo beatae minus et eum. Quos modi rerum qui dolore consequatur.\n\nEt veritatis quod quasi nihil. Odit ea et eaque. Nulla perferendis eaque qui et.\n\nDeserunt esse voluptatibus dolores non rerum. Voluptatem asperiores labore omnis ut quidem. Sit possimus ut optio eligendi perspiciatis.\n\nQui sit ut voluptatibus est consequatur recusandae. Delectus saepe quo libero. Velit iusto accusantium nesciunt et. Illo reprehenderit accusantium alias id dolor.\n\nEt nesciunt perspiciatis quasi officia quidem iusto ut. Distinctio quia at vitae ipsa reiciendis et. Nemo quam eum fuga est. Praesentium cum magnam tenetur maxime porro.\n\nQui similique et dolore iste placeat. Corrupti vitae odio soluta sed magni et magni id. Occaecati est quod nihil expedita.\n\nAut est et dolore autem dolorum voluptatem et. Explicabo in labore ullam nobis tempore. Eos voluptatem et in excepturi ea eum possimus fuga. Quidem iste dolorum nam est consequatur illo nam.\n\nAdipisci corporis architecto maxime eligendi. Sed suscipit similique tempore est nulla et et. Facilis enim consequatur et esse. Officia et doloremque voluptate provident sed id.\n\nQuod qui deserunt voluptas eum. Et voluptatem quos nemo esse labore voluptatem. Rerum quam est veniam quis ut dolor eos. Pariatur sed consectetur inventore vel.\n\nAsperiores voluptas rerum esse et vel. Maiores similique optio asperiores possimus unde. Totam suscipit reiciendis qui.', 'rejected', '2012-02-10 00:40:31'),
(222, 108, 162, 'Est optio at distinctio inventore autem.', 'Illum facere non aut animi minima consectetur. Eligendi expedita quaerat error veritatis eaque eaque. Et aliquam nemo sit at asperiores aliquid assumenda placeat. Quisquam cum ullam voluptatem ad expedita labore.', 'Dolorem debitis est ea at. Voluptas officia ullam maxime hic vel illo. Voluptatem voluptatibus et laboriosam quia quos itaque. Tenetur dolorem vel molestiae atque.\n\nDolores velit nulla vero ducimus quod earum ipsam. Cum quos ut unde neque. Atque accusamus quasi porro incidunt et facere dolorum.\n\nQuam delectus nobis et porro. Cum consequatur laborum eveniet. Dolorem aut et et nostrum officiis eaque alias voluptatem. Nam facere sit hic quis voluptatem recusandae et.\n\nDolore molestiae voluptate corporis suscipit. Facilis delectus quo debitis suscipit labore illum. Magnam rerum aliquid quasi nihil consequatur iure. Fuga iure neque similique veritatis. Voluptatem et qui libero dolorem.\n\nDolorem est quidem ipsum exercitationem. Ipsam quis accusamus qui vitae nam quo. Dicta sequi perspiciatis perferendis voluptas est consequatur voluptas.\n\nNatus repellat omnis culpa alias quis rerum. Similique minima deleniti ut veritatis. Perspiciatis dolore dicta officia harum.\n\nEst quod velit et quasi. Repudiandae libero voluptatem commodi quaerat impedit ut ipsam. Laudantium quis odit velit dolores dolores eius.\n\nTempora veritatis impedit molestias fugit consequuntur debitis. Omnis ex odio fugit tenetur. Facere velit et harum fugiat.\n\nSit aut veniam minus fugit nobis ipsum. Vel nam doloribus autem est. Aut ducimus et sit iusto dolorem culpa. Quia repudiandae nesciunt velit sint iure natus earum.\n\nVoluptas adipisci quod culpa ratione totam. Et dolorem soluta sit. Perferendis nihil magni velit et optio est architecto veritatis.\n\nNon quam voluptatem iste est. Facilis dignissimos ex quibusdam autem unde. Dolorum facere tempora sint itaque nisi. Sit voluptatum dolor animi pariatur nisi laboriosam id necessitatibus.\n\nSed aliquam laboriosam nihil doloribus ut. Perferendis aut nihil aut omnis. Dolor sed quo laborum veniam suscipit veniam tempore nostrum. Dolor in maxime officia est et sed.\n\nEius mollitia dolorum voluptates voluptate architecto provident dolorum. Assumenda repellendus animi recusandae quia qui.', 'rejected', '2016-01-01 02:03:31'),
(223, 109, 161, 'Sint quae voluptatem iste id nemo laborum voluptatem.', 'Reiciendis fugiat adipisci quae. Aspernatur est eos reprehenderit nihil quisquam. Voluptatibus nulla ipsum dolorem error.', 'Repellendus eaque consequuntur ut voluptatibus quo veritatis dolores. Distinctio aut ipsa provident placeat vel consequatur. Qui ut tempora id et mollitia culpa. Quos aliquid et occaecati nihil eligendi quae nostrum.\n\nAliquam qui id qui praesentium. Qui culpa nostrum sit assumenda. Ipsa distinctio nesciunt id. Facere perspiciatis quia nihil ab eligendi enim ipsa. Libero sunt esse iure sunt enim incidunt.\n\nOmnis eveniet minima repellat alias delectus praesentium. Odio omnis iusto et ad voluptatem fuga. Quasi cum iste odit quisquam.\n\nAutem animi expedita fugit quidem sunt eos molestias. Fugiat maiores esse aut qui officiis accusantium. Eos nam perspiciatis nobis et.\n\nMolestias dolores eaque aut illum provident tempora sint. At sit deleniti quisquam. Vel atque quia numquam sit non numquam vel. Error debitis maiores reprehenderit debitis omnis temporibus.\n\nLabore rem qui quo nam neque ad. Dolore provident voluptas molestias eligendi sequi modi quam ut. Magni occaecati animi sunt.\n\nEt expedita sit sunt aliquid laboriosam. Sit voluptatem magnam sit quos ratione aut. Qui illo distinctio et ipsam porro.\n\nNisi rerum sint ratione id quia. Voluptatem omnis corporis eius asperiores nostrum. Cumque veritatis facilis voluptate molestiae nisi aut quia. Temporibus ipsam aut et dolorem. Officia nisi sapiente nihil natus et.\n\nLaudantium molestiae qui quidem aut aut illum eum. Corrupti rem ex consequatur libero ut possimus. Facere mollitia architecto error nam ut amet ea fuga.\n\nAdipisci sint rerum similique. Ducimus ut ut explicabo. Ipsum ut rerum eos et.\n\nQuasi vero sed incidunt amet sed labore dolorem. Voluptates repellat velit qui quam. Reprehenderit quibusdam deserunt architecto omnis sed dolores accusantium. Qui expedita et vero amet cupiditate molestiae.', 'approved', '2012-10-13 00:29:07'),
(224, 112, 163, 'Eum velit dolor quisquam porro aut magnam et.', 'Voluptates odit recusandae sit impedit autem assumenda. Ratione necessitatibus officiis minima qui suscipit quod aspernatur. Quis nihil et et nostrum ab est id. Laudantium repellat dicta veritatis. Asperiores et ducimus ut illum.', 'Ex cupiditate dolor accusantium ut asperiores libero. Provident animi ullam excepturi officiis optio labore saepe. Voluptas aliquam sequi est assumenda alias dicta.\n\nDolore autem dolorem aut voluptate sit. Consequatur minus fuga tenetur dicta placeat et deleniti velit. Omnis et ea aspernatur beatae. Quasi eligendi dolores et laborum.\n\nQuam veniam fugiat quia officiis et voluptas. Est pariatur eligendi consequatur dignissimos dolore est. Vitae omnis sit ab consequatur. Aut ut libero sunt necessitatibus hic repellat aut.\n\nAmet omnis reprehenderit necessitatibus rerum consequatur aut debitis a. Maiores rem voluptatem sunt doloribus. Fugiat nisi non fugit rerum.\n\nAliquam et tenetur eum tempore fugiat eveniet ut. Est in eum occaecati veniam. Ducimus hic consequuntur minima accusantium ut voluptatibus inventore.\n\nId repudiandae quo itaque maiores. Est et nesciunt amet et laborum quae aut ea. Accusantium alias porro quas reiciendis dolor corporis ut quidem.\n\nEt explicabo ipsa assumenda quos id quasi incidunt. Esse inventore aspernatur omnis commodi dignissimos. Occaecati eum voluptate voluptatem ea non ratione.\n\nUllam quo est doloremque omnis porro. Et ea similique consequatur facere qui dolor rerum.\n\nMaiores autem eaque delectus. Hic laudantium ut facere voluptas molestiae. Est architecto repudiandae quia voluptatem consequuntur.\n\nImpedit ut cumque et. Consequuntur incidunt numquam porro ratione quisquam est ut. Fugit et molestiae quos. Et suscipit distinctio voluptatum dolor est tempora in.\n\nNeque ea accusamus dicta vero. Molestias soluta enim ut pariatur architecto. Reprehenderit voluptas corporis quasi deleniti blanditiis.\n\nNon reprehenderit sed recusandae repudiandae fugit. Incidunt excepturi dolore reiciendis quidem ab.', 'posted', '2020-05-13 10:38:07'),
(225, 110, 157, 'Occaecati dolorem incidunt qui unde minus dolorum.', 'Quis qui sint nobis voluptate unde modi id. Qui quo iste quam quia tenetur culpa. Distinctio modi qui id quasi debitis pariatur. Earum voluptas maiores voluptas soluta explicabo.', 'Doloremque sit quis ut dolorem ut non quis. Perferendis eaque et quis cupiditate consectetur. Laboriosam asperiores ea ut nisi reprehenderit voluptas quis.\n\nFugit labore et ut quia est quo sint. Quo quia repellat sequi labore similique aut dolores. Eos voluptatem velit voluptatem occaecati.\n\nFacilis velit et tempore ut possimus libero qui. Nisi quibusdam voluptates quo non. Perspiciatis tempore eos pariatur aperiam.\n\nQuae quam distinctio enim voluptatem quia quibusdam minus rerum. Aut expedita dolores quis voluptatibus ex. Et ipsa est recusandae totam reprehenderit rerum fugiat.\n\nCommodi ut dignissimos impedit sit pariatur. Soluta veritatis deserunt tempora beatae aperiam impedit. Et omnis dignissimos voluptate impedit reprehenderit rem fugit.\n\nAccusantium non impedit sapiente quisquam consequuntur qui repellat sequi. Officia ullam fugit cum in libero. Sed et qui enim qui rerum.\n\nEaque veniam accusamus eum consequatur quaerat et. Corporis quae sit sed et ad enim dolor. Ducimus aut commodi sint mollitia. Eum non adipisci quas et.\n\nAmet qui quia fuga mollitia debitis consequatur quaerat. Voluptas consequatur a aut culpa adipisci voluptates doloremque. Sed aliquam quasi molestiae voluptas esse rem. Et voluptatum fugit odio.\n\nEt impedit non dolorem sapiente sed voluptatem iusto. Vel quam quia molestiae aut aperiam est fugiat. Quisquam aut sit architecto aliquid.\n\nQuos cumque provident ex ducimus qui. Aut magni unde iste voluptas maiores incidunt soluta. Assumenda quis officia est et.\n\nQuidem quia mollitia quia tempora. Aut maxime praesentium recusandae eos laudantium corporis praesentium. Laborum ad voluptas ad optio sequi laborum voluptatem.\n\nEum odit minima officia laudantium illum quas ea. Sed nihil natus maxime provident in enim ut.\n\nMolestiae quia accusamus ducimus quis nam. Voluptas repudiandae laborum laborum eligendi tenetur. Id quidem ex et nihil in voluptas. Fugit voluptate molestiae ipsam et quia esse fugit.', 'rejected', '2013-07-04 11:33:03'),
(226, 112, 154, 'Modi veniam saepe dolorem earum nesciunt.', 'Unde et omnis qui mollitia. Dolores nemo aliquam mollitia voluptatem facere. Necessitatibus sapiente officiis nihil. Ad voluptatibus non minima consectetur ad earum maiores. Voluptatem veniam accusamus magnam officia praesentium.', 'Illum fuga officiis numquam quam vel voluptates. Et eos quia accusantium aut nesciunt voluptatem. Aut temporibus cumque eveniet aspernatur consectetur.\n\nSuscipit nam maxime quidem rerum sed aut unde qui. Ut voluptatem saepe aut aperiam vel distinctio minus at. Reiciendis consequatur et omnis qui asperiores ea quibusdam. Explicabo quos incidunt tempora dolor magnam dolor.\n\nAssumenda est ad quas aperiam. Cum repellat beatae voluptas consequuntur. Nihil non non dolor et cumque voluptas placeat. Consequatur et facilis animi dolore odit corrupti.\n\nVeritatis corporis nobis iste facere alias perspiciatis. Perferendis veritatis optio et et quam est. Corporis ut voluptas ut quidem. Molestiae corrupti ipsum vel tempora velit.\n\nVeniam ut earum aspernatur qui qui adipisci aperiam. Et quaerat culpa quis quae. Magnam nihil dicta minus porro nobis. Alias voluptates ea est.\n\nPariatur odio a nihil impedit amet maiores sed qui. Sint et eligendi dolores. Sit tenetur tenetur temporibus. Nobis dolorum recusandae perspiciatis non ipsam.\n\nTempore qui iure quisquam. Ut et quia quaerat qui dolorem. Tempore vitae voluptates est voluptas amet. Et odit suscipit ipsam quibusdam aliquid harum.\n\nQuod placeat quidem aut. Deserunt voluptas dolorem beatae aut ut dignissimos. Beatae nemo est est.\n\nOccaecati sequi omnis error. Minima quibusdam magni aliquam fuga voluptate aut.\n\nRepellat maxime ullam omnis vitae et. Culpa perferendis quas deleniti aperiam amet. Et dicta voluptate suscipit atque praesentium fugit iure est.', 'saved', '2019-02-22 04:26:59'),
(227, 109, 161, 'Eos repudiandae quia ab nobis voluptas.', 'Et odit eos impedit ratione vel et. Necessitatibus molestiae nulla accusamus ab qui eos numquam qui. Voluptates nisi id ab et fugiat. Eos et maiores facilis.', 'Maiores repudiandae fuga porro quisquam. Fugit placeat tempore perspiciatis adipisci quia. Dolorem recusandae nulla illum voluptatem temporibus. Qui voluptatem enim quis ut expedita magni consectetur odio.\n\nNecessitatibus beatae architecto dolor deleniti voluptatem dolores dolorem soluta. Inventore minima ex voluptates odit ipsum. Distinctio quos esse quis aut atque maxime.\n\nDeserunt ipsa corporis alias repudiandae beatae in. Magnam consequatur qui consequuntur et.\n\nDolorem qui aut doloremque. Eaque suscipit a autem velit consequatur voluptatem aliquam. Qui rem hic et reprehenderit distinctio.\n\nDoloremque assumenda dignissimos ea totam totam soluta. Aut quia vel eum repellendus. Quam laboriosam quia possimus qui libero sit nam.\n\nLaborum dolores modi accusantium occaecati voluptas facilis. Iure qui doloremque autem deleniti. Rerum ullam aut a dolores. Dolores eos nostrum laboriosam.\n\nConsequatur quia sit aperiam dicta. Consequatur laboriosam ut ipsa ut sunt et hic. Ea vitae ab architecto sit inventore est.\n\nSed aut dignissimos aperiam esse repellat. Beatae et cum est voluptatum perferendis. Fugiat expedita enim enim cum sequi eos. Quasi ab et et libero et accusamus.\n\nEt beatae minima qui fugiat. Magni quo pariatur tempore necessitatibus quasi. Illo ut culpa neque voluptates asperiores.\n\nEius placeat aperiam voluptate veniam consequatur voluptas iure esse. Dolorum tempore vel ea placeat cumque. Magni aut ratione et nesciunt et sit. Eligendi iste voluptatem ipsam neque quo vero.\n\nSed aperiam optio deleniti voluptas consequuntur. Impedit dolores ullam modi ducimus. Blanditiis quos laborum et et reprehenderit natus eius.\n\nIllo eligendi sed tempora quis consectetur laboriosam. Vitae aspernatur quam voluptates sunt incidunt suscipit repellat. Fugit dicta voluptatem neque illum qui eveniet. Dolore ex nostrum soluta repudiandae.\n\nDoloribus omnis error blanditiis qui repudiandae et reiciendis est. Voluptas maxime iste aut delectus omnis quam excepturi sapiente. Minima inventore voluptate voluptas deleniti blanditiis. Et dolorum explicabo eos quis.', 'posted', '2011-09-18 02:51:40');
INSERT INTO `posts` (`id`, `author_id`, `category_id`, `title`, `description`, `content`, `status`, `date`) VALUES
(228, 110, 161, 'Ipsum quidem minima voluptatem quia.', 'Ipsam cupiditate quasi ut perspiciatis quos laudantium. Iure aut saepe qui dolor rerum. Autem officiis et velit nemo.', 'Voluptates cum ut corporis sit. Iste atque quis repudiandae esse. Iusto non sapiente dignissimos nobis dicta.\n\nEaque voluptate corrupti quo. Quia reiciendis repellendus sequi est veniam laborum. Nisi necessitatibus autem est illo. Nihil eum dolores magni quis numquam.\n\nNihil enim occaecati aut ea aut. Commodi incidunt officia non quia nihil adipisci. Ut qui magni repellat et debitis. Rerum sint voluptatem ut excepturi eos officiis. Suscipit omnis ea facere.\n\nEt soluta est sapiente autem error occaecati ipsam illo. Quos quo magnam quaerat sequi. Est vel in deleniti corporis. Necessitatibus id dicta quia ut. Dicta et sunt non.\n\nOmnis explicabo esse dolor rerum nam ipsam nisi. Est ad dolores autem quia. Omnis ratione quia tempora numquam sed enim voluptas nostrum. Exercitationem ut totam tenetur aliquam porro qui. Necessitatibus repellendus ullam odio hic accusamus minima labore.\n\nQui molestiae eos quidem consequuntur aut quos. Dolor unde sed aut repudiandae. Rerum molestiae rerum omnis ut iure.\n\nQui maiores molestiae culpa dolores aut adipisci. Necessitatibus quia natus voluptas facilis eum excepturi. Ut natus maxime necessitatibus atque facilis.\n\nTemporibus sint nobis in aut et. Error rerum molestias aspernatur. Illum et minus quibusdam ea repellendus temporibus.\n\nEt nemo nihil quia ullam mollitia. Doloribus pariatur in voluptatem sit aut. Quaerat sit excepturi aut vero ducimus commodi ab.\n\nEum reiciendis ipsum eius consequuntur necessitatibus aut. Esse ratione sunt corrupti qui placeat ad est placeat. Aut aliquid est ad.\n\nAut ea cupiditate quidem. Odit nihil ab commodi dolor temporibus quia est. Numquam qui quia adipisci consequuntur. Est sapiente quae accusamus distinctio odio ea.', 'posted', '2016-06-25 13:10:09'),
(229, 108, 161, 'Totam hic voluptas consequatur est soluta.', 'Laborum soluta officiis sunt autem ea aperiam quo expedita. Deserunt et veniam ipsam in ipsum provident iste. Aliquid consequatur debitis maiores autem. Vel dolorum animi quas. Iste quia animi rerum est rem voluptas.', 'Sit voluptates quo reprehenderit non corrupti. Aut ea rem harum eligendi illo optio. Autem omnis voluptatum temporibus aut sed officia adipisci.\n\nUt deleniti repudiandae hic minima quidem quis. Omnis aliquid alias repellat cum id architecto recusandae. Quis perferendis ut exercitationem. Natus eum voluptatem voluptatibus.\n\nVoluptas asperiores dolores praesentium ipsa. Modi itaque ut accusamus illum quisquam numquam assumenda. Voluptate asperiores dolorum sint modi. Quia in quam ut eum qui.\n\nRecusandae est ea incidunt sequi delectus quo voluptatibus. Aut culpa eum sequi dolore aut et mollitia. Rerum ducimus nesciunt dicta autem ut. Ex qui in dolorum rem.\n\nEt et ex consequatur nam consequatur libero. Quaerat rerum perferendis eum facilis quisquam. Voluptates aut doloribus totam ut.\n\nLabore magnam corporis enim voluptatibus ab. Et placeat provident numquam non ut quis earum veritatis.\n\nOmnis sit doloremque soluta atque iusto dolorem. Quo alias consequatur dicta ducimus. Non qui velit est aliquam quisquam unde. Alias sed ipsa tempora omnis.\n\nVoluptates delectus et placeat. Quis tenetur rerum aliquid ut velit. Quis odio labore rerum facere. Sit similique non eum veniam.\n\nNihil quisquam perspiciatis voluptatem enim voluptatem ratione et. Earum rerum omnis esse sed qui tenetur sed. Excepturi aut enim dignissimos est. Molestias sit mollitia quia tempore qui.\n\nNecessitatibus aut ipsam quam quas accusantium recusandae numquam. Quisquam voluptatem totam molestias laudantium assumenda accusantium laboriosam.', 'approved', '2015-02-22 07:20:51'),
(230, 109, 155, 'Officia voluptates facilis qui qui voluptatum esse voluptatum.', 'Illo aut quis voluptatem culpa et. Perferendis distinctio et est asperiores nihil reiciendis eos. Est voluptas voluptas vel modi.', 'Iusto perferendis blanditiis voluptatibus suscipit error dolorem mollitia dolores. Qui eius recusandae quos fugiat similique nisi et saepe. Cumque libero corporis aut omnis.\n\nDucimus nesciunt vel magnam aspernatur. Consectetur sed iste corporis sed ea. Laudantium officia id dolor alias inventore facilis.\n\nQuae doloremque ea beatae in maiores doloribus et. Veritatis explicabo debitis id amet est. Rerum enim labore perferendis iure.\n\nEt unde est ullam aspernatur. Necessitatibus est provident pariatur quia. Rerum non non sapiente odit.\n\nNulla temporibus quia eos voluptate eligendi facere. A alias dicta ut praesentium est quibusdam. Soluta nisi itaque corrupti esse aut praesentium. In cum consequatur rerum quidem deleniti velit. Sunt beatae sit et cupiditate et.\n\nRerum corporis natus dolore autem saepe corporis qui. Facere minima voluptate est a. Quis dolor vel et.\n\nNemo et quia modi dolores. Cupiditate rem ut nihil molestiae.\n\nCorporis ex iure eos qui. Saepe molestiae est voluptatem iusto voluptatum. Voluptas unde alias sed in alias debitis sequi. Autem magni ad cupiditate inventore fuga.\n\nMinima mollitia dolorem est sapiente molestiae quia eos. Quis voluptas est cum molestiae odio harum cum. Ipsum dolore doloribus sit consequatur voluptatum cumque. Vel porro optio dolorum qui iure.\n\nRepellat qui quidem molestiae dolores officiis quia. Omnis sed eos ut cupiditate natus perferendis omnis. Velit eligendi et quaerat est cumque distinctio.\n\nAliquid a eos excepturi esse in assumenda. Quisquam fuga hic asperiores harum id. Et accusamus accusantium aut mollitia necessitatibus rerum hic.\n\nFacere labore est quasi iste et et. Reprehenderit id enim rem ut tenetur et aut. Aut quis et debitis atque inventore aliquid.\n\nEx sequi sunt quia. Ex provident exercitationem blanditiis excepturi. Cum et magnam quia necessitatibus quas aliquid. Et expedita enim repellat possimus aut non accusantium quibusdam.\n\nNisi minus sit vel tempore optio. Est rem repellat dolorem quia.', 'inprocess', '2016-10-12 20:03:44'),
(231, 112, 162, 'Eligendi distinctio distinctio facere saepe sit.', 'Tempora rerum soluta consequatur est fugiat impedit voluptas. Dolor consequatur non non accusantium dolor et. Qui dolor aut vel occaecati magnam.', 'Eveniet architecto voluptas ut. Minima totam vero nemo molestiae illum ea sunt. Quis dolorem voluptatum autem error. Sapiente quisquam deserunt eveniet animi nulla. Qui sed placeat repellendus et.\n\nVoluptate dolores quia consequuntur qui accusamus omnis sit. Maiores autem fugit ut itaque nihil et nihil. Culpa quo dolorem modi ratione iusto voluptates.\n\nQuia labore nobis velit molestias similique. Itaque qui saepe consequatur itaque libero dolores. Blanditiis porro sed provident incidunt et aperiam minus.\n\nHic sit ut ut quisquam voluptatem minima. Atque non et qui animi. Aut occaecati nihil autem ut aliquam dolorem.\n\nError expedita unde accusantium ex vitae ratione. Molestiae sint nisi amet. Cum et et veniam enim et totam quaerat.\n\nOdio earum numquam consequatur at ab. Alias incidunt nemo ut est. Quaerat hic ut qui explicabo.\n\nVelit corrupti inventore voluptates quae velit. Dignissimos autem dignissimos tempore ut. Optio porro exercitationem error mollitia quis iure fuga. Amet commodi quia voluptatem et. Impedit maiores consequatur quisquam reiciendis dolor reiciendis veritatis.\n\nLaudantium soluta et doloremque et recusandae vero. Nulla in fugiat excepturi illo ratione et est architecto. Impedit accusantium occaecati repudiandae ea consequatur quod distinctio consequatur. Sed error excepturi sit voluptatem laboriosam.\n\nEa qui quia sint ut sequi repellat dolores. Eaque eaque corrupti doloremque. Soluta libero itaque sequi autem qui iure ipsa.\n\nVitae delectus quia sint tempora atque consectetur iure. Numquam possimus autem velit nemo quis ut. Reprehenderit cum et nobis nulla.\n\nRepudiandae voluptatibus est cum libero ipsam. Aut reiciendis doloremque provident.\n\nAdipisci adipisci et totam natus autem recusandae blanditiis. In numquam et explicabo maiores ducimus consequatur sed eos. Culpa maiores molestiae nulla autem sequi aut. Neque voluptatem eos omnis in ut et.\n\nSit non commodi quia. Tempora aspernatur consectetur voluptatem iusto dolorum. Sapiente repudiandae qui hic ut error ullam aut.', 'approved', '2017-03-08 19:28:33'),
(232, 107, 160, 'Praesentium porro quaerat repellat illum omnis eos.', 'Harum quia veritatis cumque temporibus beatae perferendis magni voluptatem. Cum et eos sapiente veritatis tempora ipsa et libero. Et nulla vero libero ipsa veniam optio voluptatem. Deleniti ut nisi provident perferendis commodi.', 'Et et doloribus exercitationem. Eaque et ea ea adipisci illum aut omnis.\n\nAut officiis amet non. Fuga et sunt officiis fugiat laudantium commodi. Aperiam voluptatum deserunt deserunt est doloribus voluptatem.\n\nSunt et repellat velit quaerat nihil est. Est quas et et et dolore deserunt officia. Quas optio repudiandae maxime et doloribus.\n\nA vero reprehenderit sint natus tempora. Aut velit at laudantium voluptatum dolorem maiores. Aut consequatur tempora laborum consectetur aut error dolorum. Quam ipsum laborum eligendi dolorem officia.\n\nPerspiciatis dolorem doloremque ut animi animi asperiores. Praesentium et earum dolorum non aut ipsam delectus. Unde nihil ex blanditiis vel voluptatem ea.\n\nUt modi quia neque dolorem. Ex omnis et animi eaque sit autem. Omnis ut iusto similique mollitia odio modi. Architecto blanditiis dolores in similique et aut qui delectus.\n\nMinima nihil consequatur amet et qui eaque enim. Aut veritatis magnam nulla soluta debitis. Doloremque nihil optio consequatur expedita rerum adipisci. Sint quas ipsum culpa.\n\nAspernatur et quia et consectetur voluptas voluptates architecto. Velit aperiam cumque quo quis aliquam ducimus. Ipsam repellendus voluptas sed minima quisquam est eius.\n\nFugiat quo id voluptatem dolorum quia voluptatem. Ipsam dolores voluptas quisquam voluptatem. Tenetur consectetur placeat expedita.\n\nQuisquam quia et iste officiis. Officiis aut quae nesciunt quidem praesentium modi velit. Nihil aut consectetur autem tempore et sit numquam molestiae.\n\nRerum ea earum consequatur ipsam laborum id pariatur. Culpa iusto ducimus culpa architecto vero illo. Blanditiis molestiae et animi ad doloribus illo fuga.\n\nVeritatis dolorem iure dolore consectetur rerum iste. Ullam maiores et ut similique. Rerum accusamus omnis facere aut consectetur. Molestias optio et aut.', 'inprocess', '2011-02-22 02:56:38'),
(233, 106, 162, 'Non velit tempora dolore et voluptatem voluptates et.', 'Enim aut ratione totam adipisci. Non et magni omnis quia consectetur est. Ea et veniam ut quis optio repellendus. Dolorem quo saepe qui. Cumque aut sint illum eius ex quia.', 'Sint atque quis at alias totam. Recusandae facere voluptas natus nihil sit sit. Mollitia nam incidunt eius voluptatem magnam velit cum itaque.\n\nConsequatur ut et sunt pariatur vel aut. Temporibus dolores sunt dolore iure.\n\nIste eligendi illo molestias dolores autem laudantium. Laudantium aliquam eos nemo dolores et ea. Consectetur veritatis vitae doloremque reiciendis. Aspernatur minima sint nihil autem.\n\nQuisquam praesentium fugit rerum vitae impedit dolore. Labore corrupti aperiam quia aut sunt illum et. Dolores odio adipisci quisquam rerum aut recusandae. Aliquam veritatis mollitia mollitia fugit est facilis.\n\nEsse et delectus consequatur. Perferendis voluptatem harum accusantium est et sunt. Qui debitis doloribus necessitatibus rerum.\n\nNisi qui facere accusamus ullam. Quibusdam numquam delectus architecto adipisci officiis et. Eaque deleniti cupiditate similique qui. Sunt sed architecto voluptatibus reiciendis voluptates sint quod. Atque ut eaque corporis rem molestiae.\n\nId non qui totam quis. Quod eveniet delectus quod. Ad et dolorem consequatur illum magni dolor.\n\nAmet similique necessitatibus eaque voluptate enim nihil numquam. Et alias excepturi ea et facilis occaecati. Ex non amet iste laudantium placeat ea.\n\nNeque voluptas placeat quo ullam voluptate dolores. Nemo sequi doloremque architecto alias voluptates. Nemo et et consequatur suscipit qui rerum.\n\nQui debitis aut dolorem consequatur sit reiciendis et. Ipsam non qui fugiat. Occaecati iste nisi quis perspiciatis quod ut.\n\nVoluptatem et velit aut quaerat. Dolores esse rem eos accusamus error. Tempora quia quibusdam esse placeat iusto aut dolores. Accusamus unde accusantium blanditiis sed.\n\nAb ad laudantium unde ut. Voluptate occaecati impedit ipsum adipisci consequatur incidunt et. Quod aut dolores ut eaque unde eaque.', 'saved', '2016-05-31 11:32:43'),
(234, 110, 159, 'Ut ullam porro unde et reiciendis perspiciatis.', 'Est architecto dolorem aliquam ea. Rerum sapiente quas excepturi quia voluptatibus ut soluta aut. Harum possimus consequuntur consectetur explicabo suscipit voluptas. Aut perspiciatis fugit reiciendis inventore doloremque est.', 'Sint ut ut iusto pariatur magnam natus. Non necessitatibus dolores eveniet quisquam amet et. Quis similique totam asperiores ea aspernatur nemo voluptatem. Sed consequatur sequi perspiciatis est est.\n\nCulpa repellat provident non omnis quia. Quaerat consequatur minus earum voluptate et commodi illum. Aliquam fugit ut harum sit consectetur molestiae. Sint numquam maxime omnis eius ut. Quia accusamus quod dicta eveniet deserunt non incidunt amet.\n\nCum velit saepe dolorum dolore repellendus quibusdam debitis. Placeat ab et nihil. In voluptatem aperiam qui ut quia quos facilis. Id tenetur et repellendus earum optio.\n\nOmnis et quaerat corporis possimus esse aut ducimus. Rerum omnis maxime fugit et explicabo consequatur. Sed eius voluptates nam. Non aut doloribus tempore voluptatibus rerum.\n\nAssumenda autem sunt nostrum repudiandae a aut labore. Laudantium quae eveniet rerum ipsa velit facilis. Reprehenderit voluptas consequatur voluptates pariatur reiciendis.\n\nDolorem labore architecto ut laborum minus. Est fugit autem dicta excepturi. Sequi error quae consectetur vel tempora natus.\n\nConsequatur delectus expedita id velit perspiciatis. In est velit quas inventore architecto ex rem. Numquam voluptatibus non quas dignissimos quos et.\n\nRepudiandae ad ut qui eum facilis molestias et possimus. Omnis vel amet recusandae sit sunt laudantium. Voluptas natus dolor ratione esse. Accusamus nobis ut veritatis molestiae.\n\nConsequatur ut ut magni et porro eos ratione. Mollitia voluptates laboriosam fugiat quasi et.\n\nRerum explicabo labore omnis fugit qui. Est minus maiores enim odit. Neque beatae consequatur minima vel veniam dolor. Praesentium molestiae molestias laboriosam aut distinctio.\n\nSit qui maiores omnis facere dolores. Et ducimus cum sequi voluptates. Cupiditate animi laudantium eveniet debitis neque. Est quia et dolorem voluptatum unde.\n\nAut cum ipsum autem qui deleniti id velit dignissimos. Eum quo deleniti voluptatem rerum omnis occaecati fugiat. Sit sequi cupiditate voluptate pariatur. Quo non repellat laboriosam voluptatem magni labore. Libero aliquid molestiae quo commodi.\n\nSoluta ut veritatis et quasi aspernatur error non. Voluptatem ratione harum qui enim dolorum alias nulla.\n\nNumquam et vel velit doloribus aut. Non iusto harum reiciendis velit ad sunt. Placeat ipsum incidunt architecto.\n\nMaxime aut qui ipsum quae suscipit ut velit. Veniam id deleniti repellat velit vero fugit ut.', 'rejected', '2012-02-06 02:54:41'),
(235, 112, 160, 'Voluptates autem fuga sit delectus culpa.', 'Saepe rerum aspernatur vero doloribus sint quos. Vitae reiciendis architecto suscipit eligendi beatae tempore minus. Possimus fugit eos voluptate iste repellat quibusdam molestiae doloremque. Mollitia deleniti id non quos iste.', 'Quas ab voluptatum non quae odit aliquam. Fugiat architecto ratione reiciendis. Voluptate et iusto ad culpa et nostrum quos.\n\nQuo voluptatem neque sit non in. Consequatur esse adipisci dolorem suscipit fugiat eos ducimus. Saepe quia repudiandae enim non eveniet. Deleniti non ipsa ut non ex.\n\nAtque error ipsum corrupti nihil provident deleniti doloremque. Fuga fugit sunt accusamus et dolorem. Ab deleniti dicta corporis ipsum aut saepe sed corporis. Eum cumque corporis molestiae doloremque ut minima ducimus.\n\nReprehenderit debitis perferendis facilis velit consectetur ducimus. Molestias totam magnam dignissimos rerum ut numquam aut exercitationem. Iste voluptatem dolorem sunt inventore voluptatem non. Eos sed rerum voluptatem dolores tempora dolorum.\n\nQuia consequuntur cumque enim dolore. Doloribus et tempore fugiat rerum et illo nisi. Id aperiam velit impedit aut quis beatae. Et saepe sint aut reprehenderit.\n\nIpsa voluptas deleniti sit rerum qui. Cupiditate harum dolorem ducimus voluptas qui aliquam consequuntur blanditiis. Dolores harum distinctio officiis quas et.\n\nRerum repellat aspernatur commodi quod. Et nisi delectus unde non sunt. Sint ut laudantium sit aspernatur fuga est. Voluptatum eius velit et molestiae.\n\nUt tenetur reiciendis illo reprehenderit voluptatem. Consectetur vitae dolorem totam magni. Sint quod molestias quia aut.\n\nNam tempora facere tempora in eum ut totam. Deserunt maiores aut nemo laborum. Alias aut veritatis sunt dolores. Earum et qui in qui animi esse rerum.\n\nDolore tempore aut beatae hic consectetur veniam amet. Id et voluptas voluptas aperiam asperiores eos quia. Quis accusantium corporis quae non tempore. Odio totam culpa sunt corporis corrupti quam vero et.\n\nUllam aut perferendis ad saepe. Est quidem qui repellat voluptates fugiat omnis. Esse enim quaerat rerum.\n\nQuae excepturi nihil veniam alias delectus. Et aut quae et optio. Iusto voluptate fugit voluptate ullam et. Doloribus mollitia eos consequuntur amet error.', 'rejected', '2011-04-26 10:08:40'),
(236, 106, 159, 'Possimus ea commodi quis at.', 'Soluta et doloremque quia numquam quia labore. Consequuntur dolorem qui maiores repellendus est explicabo aut. Eos eaque repellat quia in. Id eum totam corrupti voluptatum dolorem quidem. Cupiditate eos qui aut vitae sit maxime voluptas eum.', 'Exercitationem eligendi omnis totam excepturi. Est et eaque beatae amet inventore quia sint. Dolorem voluptas voluptatem et est. Sit qui officiis accusamus dolores aliquid soluta non praesentium.\n\nQuia debitis maiores ratione et optio at occaecati ullam. Accusantium autem earum quo commodi consequatur laborum consequuntur.\n\nAsperiores numquam quis rerum quis quasi. Deleniti velit optio labore aut nihil sint qui aliquam. Quia sit rem dolores doloremque id.\n\nIpsum dolore et numquam quod et error qui. Sed repellat voluptatum consequatur aut praesentium. Sint magnam veniam qui fuga. Architecto nulla in aut quo quia.\n\nSint delectus velit nesciunt. Ut blanditiis similique consectetur ut dolorem velit corrupti. Repudiandae cupiditate totam perspiciatis iusto exercitationem illo est.\n\nConsequuntur sit est natus adipisci placeat iusto. Nihil et recusandae id dolorem ab enim. Animi sit optio ducimus qui eveniet. Est veritatis totam reprehenderit non modi aut velit ullam.\n\nSit vitae deserunt facilis autem debitis ipsum ut et. Totam velit non possimus. Illo asperiores ipsum et placeat omnis.\n\nNemo iusto velit quis minima et. Ab odio consequuntur et molestiae. Dolorum consectetur expedita minus hic dolor quisquam. Laudantium dolorem et a soluta nemo aut et tenetur.\n\nEum quo exercitationem assumenda. Autem cupiditate illum consequatur et cupiditate sunt dignissimos. Quam consequatur numquam autem alias illum rem.\n\nFugit eius expedita aut dicta totam ut voluptas. Cum corporis sed inventore. Aliquid minus consequuntur quo aut.\n\nAdipisci voluptate culpa facilis natus. Doloremque animi et iure expedita architecto sit consectetur. Quam aut qui velit culpa quis voluptate ab. Asperiores est quam consequatur dolorem.\n\nRatione eaque et iusto perspiciatis. Aliquid deleniti veritatis et ut in non enim. Ratione ipsa voluptate nisi excepturi assumenda soluta qui est.\n\nNostrum facere aut delectus officiis quia ullam quod. Nam voluptatem nostrum optio quisquam sunt. Ut dolores tempora eos tempore maiores saepe. Aliquid asperiores illum suscipit ipsam eaque a.\n\nProvident adipisci optio possimus consequatur. Optio aut nihil quod et doloremque impedit. Voluptatum qui eos commodi itaque quis ab illum. Ipsum dolorum officiis sed sint minima est id laborum.\n\nVelit facere in cumque cupiditate aut eum minima. Doloremque ipsam voluptas consequatur quos non fuga nihil optio. Quae fuga debitis ducimus sed suscipit.', 'saved', '2014-03-06 22:26:51'),
(237, 105, 154, 'Minima nam porro mollitia expedita nihil et.', 'At occaecati totam sit modi. Earum qui omnis quam suscipit exercitationem sint. Ipsam id minima nulla vitae modi aut quas.', 'Amet sit et et voluptatem voluptatibus id. Corporis doloribus libero magnam officia dignissimos quis. Velit sunt repellendus blanditiis harum quia. Quia aut exercitationem nobis temporibus cumque facere quaerat.\n\nProvident vitae voluptate sint voluptatem odit doloribus. Impedit at laboriosam et ex debitis ut. Voluptatem ex quibusdam qui quisquam exercitationem aut reiciendis qui. Illum tempora rerum maiores ducimus.\n\nPerferendis cum facere natus enim incidunt architecto. Et et nemo laboriosam vel et quo sed vel. Dicta libero impedit consequatur ex temporibus voluptates quia cum. Perspiciatis quam et impedit dolorum. Provident ipsum tenetur ab dolore.\n\nIn ex ut amet impedit itaque quibusdam vel vero. Porro iure quia iste ut. Voluptatibus tenetur officia odio autem voluptas.\n\nPorro accusamus maxime quas reprehenderit. Aliquid dolorem consequatur libero ratione. Quia veritatis molestiae provident qui. Vero eius eum quos quibusdam.\n\nNatus quo quibusdam a praesentium. Qui quia assumenda ut deserunt eveniet consequuntur. Maxime ea culpa aut vel eum omnis quod. Eos qui et dolores in doloribus.\n\nExcepturi numquam quo et suscipit quis. Culpa unde sint quia omnis praesentium. Sit perferendis cum recusandae in quia illo quia illo.\n\nUt quaerat quis explicabo enim. Asperiores illum et saepe dolores necessitatibus voluptas. Nobis blanditiis ratione fugiat enim. Eos beatae quas voluptatem quae et blanditiis libero reprehenderit.\n\nTemporibus cum consequuntur rerum modi omnis non. At sed maxime ducimus saepe. Eveniet esse quos iure. Sint nostrum autem voluptas itaque laboriosam minima nostrum.\n\nDebitis dolor enim doloribus fugiat iusto fuga optio eum. Culpa corrupti omnis dolorum est aperiam libero dolore pariatur. Nobis nulla quia animi fugit incidunt incidunt amet enim.', 'inprocess', '2012-07-12 08:22:06'),
(238, 110, 153, 'Dolorum et quia dolores ut et.', 'Sequi aliquam non sint ullam sunt repellendus. Aut quia ab necessitatibus odio et. Sint molestiae repellat similique et doloribus. Deserunt quibusdam minima eaque necessitatibus eum iusto.', 'Eos suscipit non et aliquid qui. Consequatur sunt officiis et sequi dolorem iure. Consequatur cum eius et vel ut necessitatibus.\n\nNon ipsa qui incidunt consequatur. Delectus ex enim ullam ratione corporis. Culpa et odio dolorum explicabo mollitia. Quae necessitatibus et enim occaecati ullam.\n\nOmnis dolores optio molestiae dolores eveniet. Laborum tempora non cum ad. Porro dolores nihil vel harum ad exercitationem quibusdam.\n\nEt sed dolorem vero temporibus corrupti iste. Adipisci magni omnis laudantium pariatur qui fuga dolorum. Illum corporis natus quo velit. Rerum aut aperiam quia porro cumque.\n\nEius deserunt voluptatibus dolore aut magni. Inventore deleniti aut qui accusantium autem itaque placeat. Sit totam dolorem amet molestiae.\n\nAccusamus repellat beatae officiis doloribus dolores consequatur minus. Provident doloremque necessitatibus ut tempore omnis quos doloribus. Esse eius enim corrupti qui nostrum sunt omnis.\n\nAutem consequatur quisquam quas nesciunt. Iusto corporis aut aut consequatur ipsa. Rem natus eaque nihil harum omnis eaque. Perspiciatis ab deleniti facilis tempora ipsa est vero quis.\n\nIncidunt quisquam reiciendis laboriosam alias labore non. Impedit qui ut libero consequatur. Iure consequatur consequatur tempore similique corrupti. Quis qui hic culpa quia maxime quia ipsam.\n\nLabore recusandae expedita hic at quia. Veniam incidunt corrupti eveniet placeat fugiat reiciendis soluta qui.\n\nQuaerat consequatur perferendis ratione nulla. Autem nihil ipsum voluptatem sit facilis accusamus. Praesentium est vel maxime ut ipsum adipisci officia cupiditate.\n\nVelit qui accusantium minus minima. Tempora nostrum distinctio officia.\n\nUt ea voluptas corporis beatae non libero aspernatur. Ut fugiat velit ipsam optio. Et dignissimos et quam aut.\n\nEa nulla labore est. Molestiae est iure expedita doloremque. Dolor et et sit sunt quo dolorem et. Praesentium sunt repellat deserunt ab.\n\nItaque et vel quis aperiam ut perspiciatis. Occaecati sit officia molestias consequuntur qui. Non molestiae sunt quos officiis delectus eos doloremque autem.', 'saved', '2019-05-08 10:47:54'),
(239, 107, 160, 'Dolor pariatur nisi autem fugit ipsam et perspiciatis.', 'Sit perferendis et ut iusto. Voluptatum mollitia enim consequuntur veritatis beatae rem. Ut fuga ratione dicta qui ad quo. Iste voluptatem ab a recusandae ullam.', 'Sint recusandae dolores dolores. Pariatur sit quasi enim autem quae officiis.\n\nFacilis alias fugiat modi harum quia molestiae error. Rem rerum provident facilis dignissimos et. Sed dolores eaque dolores esse reprehenderit beatae. Aut est repellat dignissimos sit laboriosam quis repellendus perspiciatis.\n\nEa vero explicabo modi velit facere nostrum ab. Sed sit temporibus voluptatem accusantium. Corporis velit ut eum aspernatur voluptas quia.\n\nReiciendis dolorem iure perferendis non. Assumenda impedit id pariatur deserunt quisquam nihil. Deleniti eum laboriosam ratione excepturi consequuntur.\n\nEt modi consequatur quo maxime id aut. Qui velit sequi ut deserunt. Incidunt consequuntur vel consequuntur rerum illum dolor. Fuga asperiores voluptatem aut nihil.\n\nEt tenetur eveniet quo ut quam. Beatae quibusdam quidem fuga exercitationem sed. Illum voluptas et quis delectus quasi assumenda non adipisci.\n\nVelit dignissimos voluptatem eum amet sapiente laboriosam et. Consectetur non tempore a architecto quibusdam enim. Ut provident occaecati repudiandae vel. Ut unde aliquam esse. Exercitationem ab praesentium dolores voluptatem.\n\nIpsum autem commodi aspernatur enim molestiae perspiciatis. Quae et praesentium suscipit iste excepturi eum quibusdam. Ducimus doloremque corrupti incidunt aut aliquid sunt placeat. Necessitatibus provident harum sint porro rerum.\n\nNihil laborum et perferendis asperiores nulla laborum quod. Aut sed architecto sequi incidunt quas alias qui ut.\n\nAut nemo esse dolorem molestiae corporis aspernatur. Dolore reprehenderit dolor quisquam nemo eligendi sit sit earum. Sit cupiditate quia voluptatem quibusdam dolorum consequuntur ut. Veritatis cum voluptas recusandae.\n\nVoluptatem cum excepturi ea voluptate. Voluptas repellendus est impedit doloribus. Aut vero ut in ratione quasi. Ut consequatur sit repudiandae et quia similique ex itaque.\n\nQuia laborum voluptatum voluptatibus dolorem. Quibusdam officia et eligendi ea. Saepe nostrum aliquam eius voluptas quo placeat.\n\nDolorum id consequatur est necessitatibus voluptates quia adipisci. Beatae aliquam aliquam numquam. Iusto ut ad rerum illum similique ut et optio.\n\nEos eum quia est dolor sit doloremque. Esse quasi consequatur quas qui provident nihil. Sit laudantium vero odit cupiditate. Officiis ut architecto sed qui est.\n\nSint expedita similique delectus rerum recusandae. Consequatur eos sunt omnis quasi ipsa. Quidem cum repellat odit atque. Vero qui delectus vel eaque quae est laboriosam.', 'saved', '2015-04-01 15:11:59'),
(240, 111, 156, 'Id impedit praesentium delectus inventore sint aliquid.', 'Et eos ratione qui quam. In quo quam sapiente sequi laudantium non. Quis et itaque autem sequi labore.', 'Sint ex est aut nulla recusandae eaque possimus. Qui ut commodi repudiandae quis consequatur quibusdam. Repellendus repellat voluptatem expedita eaque et. Officiis expedita aut quasi est nulla itaque. Maxime sint blanditiis culpa vel excepturi cumque rerum sed.\n\nQui doloribus vero aliquam ipsa sint nemo consectetur. Eaque tempore deserunt autem qui alias voluptatum laudantium. Quos placeat excepturi consequatur sint libero. Occaecati sit rerum velit dolores rerum. Excepturi minima rem doloribus praesentium delectus expedita occaecati enim.\n\nMinima tempora id quaerat. Et laborum inventore qui est id ipsum.\n\nVoluptas voluptatum suscipit tempore earum corrupti et inventore. Rerum tempore rerum officia veritatis corporis fugit.\n\nMaiores ut inventore sit consectetur soluta eius. Aliquid non consequatur molestiae rerum et ex. Nihil sit dolorum est architecto. Aliquam laboriosam a ut.\n\nCorporis facere et placeat accusantium qui reprehenderit. Excepturi placeat sed explicabo. Nostrum beatae rerum officiis est unde exercitationem quia. Distinctio quae molestias sequi suscipit vel.\n\nNon qui dolorum ea nesciunt. Omnis tempore magni explicabo autem sequi quasi aliquam. Qui veritatis debitis qui qui ea quas ut et. Ut animi in quidem eum perferendis.\n\nUt explicabo at dicta. Maiores aliquam fugiat aut quaerat itaque. Minus voluptatem iusto qui nihil aliquam laudantium. Libero tenetur doloribus necessitatibus non at consequuntur in. Sit necessitatibus sed fugit sed nisi.\n\nMaxime aliquam corrupti officiis illo porro quos. Quae dolorum voluptas rerum est cumque recusandae. Quasi non temporibus sequi quas illo ut. Et fugit accusamus illum rerum et ad vel.\n\nFacere et corrupti eum. Eos in minus qui aut eligendi non. Rerum quae earum consequatur quisquam voluptas tempora. Eveniet deleniti et earum quasi culpa.\n\nEt esse porro qui tenetur nemo est aliquid. Voluptatum omnis officiis odio facere veritatis. Ea omnis dolor est.\n\nQuod voluptas iusto aut harum assumenda ut et. Esse quae unde error eos deserunt quisquam facilis ab. Eligendi ratione aspernatur voluptate cupiditate esse labore. Earum laudantium qui quis ut asperiores non.', 'rejected', '2018-09-21 22:12:39'),
(241, 106, 162, 'Cupiditate ratione et quo iste quia qui sed.', 'Ex eius sed cupiditate ratione explicabo omnis. Repellendus est quia eveniet excepturi quis. Ab minima eaque numquam fugiat. Autem aliquid fugiat aut consequatur unde.', 'Officiis qui fuga sunt facere. Aut non fugit doloremque qui. Unde alias ullam dolor nemo dolores rem.\n\nEligendi omnis tenetur vel enim et. Aut consequatur nisi aut.\n\nEius fugit neque provident iusto qui. Fuga ex quaerat laborum ad voluptas doloribus et qui. Quia sapiente laudantium temporibus magni.\n\nIncidunt accusantium nulla aut. Possimus doloribus blanditiis iusto nobis perferendis velit et dolores. Et totam consequatur neque est maiores ex hic autem. Corrupti repudiandae laudantium sapiente nostrum.\n\nCupiditate dolor saepe quam ut minus ipsum. Hic accusantium alias ut deleniti. Qui corrupti ratione quod nam autem sit et blanditiis. Et sapiente excepturi occaecati enim in.\n\nNam excepturi sunt id doloribus fugiat. Nulla ut ut impedit qui eveniet dolorum. Nobis veritatis suscipit sit ut ea.\n\nNon iusto et exercitationem repellat. Aut neque et qui maxime. Vel voluptates voluptatem non. In voluptas qui aut perferendis tempora consequatur.\n\nOfficia atque quos hic. Aperiam molestiae aut consectetur temporibus. Ducimus repellat repudiandae optio. Voluptatem possimus sint a unde sint.\n\nPlaceat quia voluptatem aut expedita eum. Quia dolores illum velit velit eos quam. Qui dolorem voluptate et et assumenda officiis. Similique ipsum id eos voluptas et sed.\n\nId atque perferendis dolore distinctio. Perspiciatis occaecati est fugit voluptatem. Iste libero necessitatibus blanditiis quas magni repudiandae.\n\nEt reiciendis ipsam id quisquam blanditiis iusto voluptas et. Occaecati est dicta fuga repudiandae neque repudiandae. Sequi architecto saepe doloremque repellendus.\n\nQui expedita sit nobis quis sint enim. Deserunt corrupti voluptatem est atque. Deserunt voluptatem numquam quod aut repudiandae tempore. In esse officia quam autem assumenda nihil sit molestiae.\n\nAut iste labore praesentium eaque accusamus commodi voluptatibus. Eos qui neque voluptas quam voluptatem laudantium unde. Consequuntur nisi sit mollitia vero.\n\nCommodi et enim amet sequi. Amet provident ea delectus deleniti. Sint est quo quia deleniti est nam.\n\nSimilique nobis in quas nemo explicabo nihil. Consequatur est laborum dolorum et. Aut atque omnis accusamus nam animi nobis cupiditate.', 'inprocess', '2016-07-12 17:36:40'),
(242, 107, 164, 'Sed est quo laudantium eum ea accusantium ab dolores.', 'Consectetur fugiat aliquid eveniet nostrum laudantium. Reprehenderit quasi fugit et inventore sunt natus quidem. Necessitatibus optio perferendis voluptates nihil rerum ea. Velit nihil in minima id eos ex. Ut necessitatibus omnis et.', 'Corrupti dolores quaerat facere voluptatem unde odio. Magni blanditiis velit et dolorem at voluptate. Magnam reprehenderit similique iste officiis. Blanditiis quia soluta fugiat ab optio dicta.\n\nDolorum repellendus cumque sunt. Hic doloribus cum distinctio autem et modi pariatur. Quia sequi velit non quae eveniet. Soluta consectetur amet eum rerum rerum ipsum quas aut.\n\nEligendi quisquam hic eveniet qui expedita. Nulla enim aut error.\n\nSit reprehenderit expedita ad at. Recusandae sunt voluptas repudiandae. Libero veritatis officia veritatis repellat.\n\nEarum beatae ut recusandae aperiam non quas. Temporibus repellat ratione facere architecto quae porro deserunt. Tenetur nobis quos aut eum. Dolore culpa est est eaque autem odit iusto.\n\nOmnis consequuntur id sint autem repudiandae omnis inventore. Laborum nesciunt magni voluptatibus natus id tenetur ea. Et velit maiores omnis enim a.\n\nDeleniti nulla labore illo. Ullam quasi voluptatum vero adipisci. Odit itaque voluptatem neque.\n\nRatione illum qui ipsam omnis rem provident voluptatem. Et molestiae nam dolore eveniet harum eligendi non. In officiis assumenda harum.\n\nDelectus ab veniam earum ut architecto. Cupiditate exercitationem deleniti corporis quibusdam enim. Officiis quo voluptatem officiis dolorem qui nam eaque. Perspiciatis odit dolor sed et.\n\nOdio facere ut earum dolor qui excepturi. Et impedit accusamus similique voluptatem. Maxime magni totam animi omnis. Sint ut quia amet enim. Non minus culpa mollitia rerum facilis animi et quisquam.\n\nPariatur nobis vero ut eius ut aspernatur eos. Reiciendis a iste aut aut est enim commodi. Voluptatem ut laudantium facere nesciunt voluptas. Tempora cupiditate exercitationem in sit dolor.\n\nAdipisci doloribus molestiae itaque quibusdam sit et. Qui harum voluptas facere ducimus suscipit. Aperiam id sint autem odio adipisci. Sed saepe sunt nobis quo aut.\n\nOmnis qui doloremque inventore aliquid. Itaque quas eveniet inventore magnam quaerat consequuntur.\n\nEst esse quis consectetur. Accusantium ea aut rerum omnis error aspernatur incidunt.\n\nModi minus distinctio saepe dolore et. Dolores iure aut sunt quis. Quasi error ipsam qui quo rerum quae rem.', 'rejected', '2015-02-07 20:19:18'),
(243, 112, 159, 'Maiores et quasi corrupti rem excepturi.', 'Et quidem quia aperiam provident necessitatibus. Vero et in expedita fugiat molestias sed ratione facilis. Minima consequuntur inventore quia temporibus quis officia autem. Non et eveniet ab magni. Qui voluptatem officiis omnis officia temporibus.', 'Sunt molestiae corporis itaque repellat deleniti qui facilis. Aut voluptatem enim ducimus quos. Quo autem inventore ducimus eius. Ad nisi et sunt ipsa repellendus.\n\nExcepturi cum voluptates rerum sint vel vero sed quod. Vero pariatur aut placeat molestiae quisquam sed. Et nulla quaerat et fuga. Soluta perspiciatis quibusdam doloremque ab accusamus temporibus iure.\n\nTempora consectetur fuga cum atque modi facere accusantium. Quo quas nostrum aliquid qui qui sit explicabo. Ut dolorem inventore dolorum mollitia illo dolor fugit. Labore beatae necessitatibus asperiores laudantium aut labore.\n\nExercitationem deleniti minus minima quia dolore qui repudiandae. Aut iure doloremque at. Atque odio illo eveniet voluptatem omnis tempore dicta.\n\nAt sed corporis voluptatem autem. Voluptates sed recusandae mollitia culpa.\n\nId deleniti atque sed voluptatibus blanditiis natus. Labore asperiores et incidunt est nulla beatae commodi. Voluptatem soluta excepturi debitis dolor non quae. Rem enim nam architecto est enim et mollitia.\n\nRepellat ut sed itaque et nesciunt maxime voluptatem. Sit aut velit sunt quia nemo ea tempora fuga. Atque praesentium corrupti nam deserunt aut pariatur minus.\n\nQui dolorem ut facilis repellendus aut quisquam. Blanditiis vel laboriosam sunt vitae. Non sint iste eum nihil aut sit.\n\nQuod non autem voluptatem maiores laboriosam aliquam. Fugiat qui dolores minus possimus quia. Dolore ut a qui aut delectus qui debitis. Totam nesciunt sunt officia voluptatem odio suscipit nam perspiciatis.\n\nSit veniam rerum nostrum deleniti vel non. Exercitationem animi non illum dolore qui qui sapiente. Dolore ullam corrupti et quo et. Maiores sed eum in expedita odit fugiat.', 'saved', '2016-11-15 14:44:30'),
(244, 107, 156, 'Quidem cumque voluptas ut.', 'Voluptate perferendis magni neque fuga dolor. Pariatur harum velit maiores impedit. Sit voluptas tenetur distinctio placeat ut in harum. Distinctio doloribus quia qui.', 'Sapiente neque consectetur molestias error dolorem totam. Est ad qui fugit enim dolore voluptates molestias. Quos molestiae possimus nihil et ea harum harum. Dolorum repudiandae minima tempora illum aut mollitia tempora.\n\nEa laboriosam vel tempore expedita. Magni repudiandae voluptatem eos quasi odio est aut. Ducimus qui assumenda exercitationem sapiente eligendi.\n\nTempora non eum voluptas adipisci accusamus vel eos. Illum aut odit eum ea. Quos qui odio labore reprehenderit eveniet voluptas. Fuga sint non magnam provident beatae.\n\nNam quo doloribus perspiciatis nam eos quia. Rerum veniam consequuntur fugiat officiis ipsum fugit. Et quo molestiae aut voluptates dolor dolore pariatur.\n\nEst quam soluta ullam et. Consequatur et aut sit doloribus consectetur cupiditate consequatur. Repellendus et recusandae sit et expedita recusandae.\n\nError at sit blanditiis aperiam. Numquam sint in atque error. Harum voluptate molestias reprehenderit perspiciatis pariatur. Dolor enim voluptates earum eaque praesentium provident sunt.\n\nQui veritatis qui tenetur magni. Quas illo numquam vero provident. Atque eos sed ut velit.\n\nEt quaerat excepturi aut debitis dolor dolorem deleniti. Aut quisquam ut alias et dignissimos voluptate. Et ut ipsam vel non nesciunt eveniet laboriosam.\n\nFacilis dolorem porro dolore corrupti eum repudiandae corporis necessitatibus. Et dolor aut autem vitae expedita. Sint possimus mollitia occaecati quo. Consectetur nostrum minima odio.\n\nAsperiores nesciunt provident magni dolore dolores magni. Corporis vel consectetur assumenda ea. Est totam earum debitis. Eos et quo aut.\n\nAut in ad et eum ullam. Sint non voluptatum tempora et sint. Qui sint facere commodi quis temporibus.\n\nOdio omnis harum vitae dolorum sunt. Nulla quos quis non nam sed ducimus harum. Sit qui est unde suscipit nesciunt debitis nostrum.\n\nQuidem et tempora ducimus soluta eos nostrum. Voluptates enim sunt et ab temporibus quas in. Odit impedit nostrum sint molestias ut provident.\n\nAccusamus ea non ducimus. Quia odit dolor consequuntur ut quas perspiciatis adipisci. Sit quis vel et. Consequatur veritatis est quidem accusantium facere.\n\nCulpa rerum adipisci quia ea blanditiis saepe illum. Soluta doloribus quae tempora. Id voluptatum quo atque et quisquam qui.', 'saved', '2012-07-18 03:34:44'),
(245, 110, 157, 'Nobis quisquam ducimus ut fuga inventore.', 'Dolorem doloribus voluptas officiis fugiat quam suscipit. Vel sit quidem facilis eveniet inventore quia et explicabo. Harum accusantium odit possimus dolorem nemo et hic non.', 'Ipsa quaerat atque qui. Aliquid error nihil accusamus ab esse vero quia. Eos est magni unde molestias quae ut. Molestias consequuntur est ex placeat facere nostrum.\n\nOmnis repudiandae reprehenderit architecto quisquam sequi iusto. Cum ex corporis et. Fugiat adipisci deleniti voluptatum dolores quo enim illo placeat. Error qui cupiditate ipsa ea nam quia. Aspernatur nulla facilis voluptate officiis saepe tenetur.\n\nAutem corrupti nulla beatae delectus fugit accusamus dolorum. Odio qui esse eaque autem. Optio necessitatibus debitis rerum cumque nulla qui fugit quae.\n\nRem id enim et occaecati quisquam. Voluptatum dignissimos numquam alias modi adipisci. Aut commodi facilis sunt nesciunt. Excepturi ut dignissimos voluptatum omnis totam harum aut.\n\nPlaceat numquam molestiae velit totam non. Qui consequatur recusandae maiores est eum laborum non. Id quidem laboriosam incidunt quos dolores quas.\n\nLibero quasi consequatur rerum quam blanditiis ullam dignissimos. Autem est consectetur ea expedita provident tempora in. Quia ea sapiente autem velit assumenda ut. Et ducimus id nobis praesentium facilis.\n\nEst nostrum qui in. Deserunt rerum deserunt numquam distinctio. Qui voluptatum ut quam quisquam ut. Non consequatur qui nam id optio at quo id.\n\nEveniet ea impedit et mollitia tempore ut aperiam. Molestiae reprehenderit ducimus vel quidem dolore. Dolorem voluptatibus et porro voluptas quae explicabo ut eum.\n\nQuod omnis ut voluptates voluptatibus sint unde aut. Illo harum reprehenderit magni consequuntur harum soluta. Non in natus soluta. Quia repellendus omnis ipsum qui optio maiores.\n\nTempore sed reiciendis et dolorum beatae. Reprehenderit distinctio ullam asperiores architecto rerum amet voluptatibus. Id et architecto culpa vero molestiae quia. Iste voluptatem incidunt et.\n\nAut sint mollitia incidunt temporibus debitis nemo. Quaerat laborum facilis aperiam aliquid veritatis. Inventore dicta reiciendis laborum ex id omnis. Officia quia perferendis dolorem ut.\n\nQuisquam commodi dolores architecto tempora aut commodi. Sint blanditiis maxime commodi occaecati animi sed. Quo molestias error maiores tenetur aliquam enim.\n\nMinus maxime sapiente ad deserunt iste. Officiis consequatur provident repudiandae consequuntur consequatur. Eius quia quaerat eos qui iste odio placeat rerum. Labore asperiores suscipit quo quod sapiente est voluptatem.\n\nTempora illo eum ut dolorem delectus earum aliquam et. Alias odio hic quia ipsum. Ducimus cupiditate quia officiis.', 'posted', '2011-11-19 14:13:04'),
(246, 109, 155, 'Veniam esse iusto et sed sit doloribus aut.', 'Sunt aut id totam. Voluptatem atque quia soluta. Consectetur quam et quidem officiis. Qui optio et eaque animi. Esse quia eligendi sapiente in ullam.', 'Tenetur sint corporis hic porro et. Ex illum a quis blanditiis alias sunt sed. Quam omnis dolores quisquam expedita doloribus. Atque in sequi quo.\n\nNon non error fuga facere odit. Fugit odio voluptatibus beatae cupiditate ut iure qui.\n\nEst praesentium numquam quasi porro. Quo officia non atque harum qui quasi mollitia exercitationem. Dolore quam in aut praesentium quae earum.\n\nCulpa reprehenderit perferendis quia sit et sit autem. Ratione adipisci eos debitis sed sunt voluptatem sit enim. Quam expedita necessitatibus itaque omnis itaque.\n\nEt vel non quod voluptatem debitis blanditiis quia illum. Possimus porro aut sunt. Vero quibusdam exercitationem pariatur deserunt porro voluptas. Voluptatem culpa et esse aspernatur sed nihil tenetur velit. Quia iusto aperiam dignissimos vero magnam.\n\nExpedita sunt aut repellat corporis sed et minima. Nulla error possimus minus vel aut eligendi. Ea rem neque facere doloribus fuga.\n\nAut aut nostrum assumenda voluptates consequatur delectus beatae. Saepe minus consequuntur dolor. Sit doloribus omnis temporibus laboriosam facere similique dolores. Doloremque assumenda delectus laboriosam qui libero.\n\nQuas aut perferendis sed dolores autem et. Consequuntur aut quod nemo voluptates commodi. Maxime odit in dolores tenetur et dolor veritatis. Id blanditiis quo et debitis a quam.\n\nId sit ut ea in. Atque quaerat perferendis ex sed. Eos et ipsam ea repudiandae quia ducimus. Modi esse aut alias cumque consequatur et.\n\nAutem ex itaque saepe est. A velit fugiat eaque officiis. Est doloremque quam ullam consectetur est ut debitis. Ut voluptas veniam sint deleniti.\n\nId culpa accusamus iusto quod. Sint sint quaerat rerum. Voluptas debitis sequi doloribus inventore voluptatem. Rerum nihil dolorem nostrum enim corporis.\n\nUt sequi est aliquid culpa maxime optio beatae. Repellat et minus ut ut reiciendis sint illum et. Et maxime delectus quia culpa temporibus sit et sequi.\n\nAut sequi veniam ut reprehenderit. Nostrum odit aut accusamus adipisci non. Quibusdam fugiat id soluta tenetur recusandae delectus voluptas temporibus.', 'inprocess', '2012-08-07 00:02:50'),
(247, 112, 154, 'Blanditiis dolores adipisci aperiam qui.', 'Excepturi autem est vel at molestias repellat cupiditate asperiores. Explicabo dicta libero et aut delectus modi illo. Totam iure praesentium explicabo qui asperiores nisi. Quis ut nam sunt et omnis amet. Doloremque sed non nostrum esse aliquid ut ut iste.', 'Quas molestias hic facere est. Aut quam quibusdam voluptates ipsum ipsum. Nobis voluptas eligendi sed omnis cupiditate quo. Cumque necessitatibus unde inventore dicta quod velit quisquam ex.\n\nSit cumque voluptatibus dolorum ratione qui. Tempore qui doloribus possimus. Facilis facilis quo et. Quasi iure praesentium voluptatem ut.\n\nEt autem asperiores sapiente a quam assumenda aut. Quaerat vitae voluptatum quo. Officiis voluptas ut non recusandae atque omnis. Et eveniet ipsum non totam molestias. Et sed ut esse quis dolore totam quae.\n\nNon fugit unde cumque assumenda exercitationem sit quos. Quo quae quo nam. Et perspiciatis et dolorum ducimus possimus sed.\n\nVoluptate deserunt voluptas amet incidunt qui nulla omnis. Eos nostrum debitis odit ipsam delectus. Aut harum qui sit vel voluptas non cum. Veritatis quis et dolores ea expedita porro.\n\nAdipisci ullam odit ad velit. Quae sunt blanditiis blanditiis quis id accusamus vel. Velit nam modi velit. Quia est accusamus est. Dolores aspernatur soluta non aut consequatur.\n\nQuaerat alias molestiae nihil sapiente eum aliquam voluptatibus in. Est modi dicta ex accusantium sunt. Unde id dolor non saepe excepturi et.\n\nNumquam neque voluptatem dolorem quibusdam sapiente perferendis et. Sapiente eos porro fugit quas officia omnis nobis. Esse fugit ad aut magnam quia rerum.\n\nDeleniti hic doloribus deleniti consequuntur officiis molestias. Qui reprehenderit at non ratione dolore. Hic quos numquam voluptatum aut labore. Doloremque dolores rerum aut eligendi sit eaque.\n\nDolores est repellendus dicta et. Cum libero ipsam temporibus cupiditate. Ipsa illum repellendus ex perferendis nisi ipsum nesciunt. Dolores illum aut rerum perspiciatis.\n\nQuia vero quis quisquam aut nostrum excepturi mollitia. Est accusamus aut maiores incidunt accusantium porro natus dolorem. Hic eum aut et voluptate nobis sed.\n\nAutem quaerat molestias et molestiae. Quasi autem eius iste praesentium. Nemo quas placeat sed reprehenderit.\n\nSit harum voluptas in vitae ut id. Velit voluptas occaecati culpa odio. Est debitis ut eius.\n\nRepellendus voluptate laborum optio quasi aspernatur debitis sunt. Et minus rerum labore rerum molestias. Quae eveniet tenetur voluptas deserunt.', 'saved', '2014-06-15 21:50:28'),
(248, 114, 159, 'Eaque quibusdam commodi soluta nemo corrupti nesciunt dolores eius.', 'Earum non laboriosam ipsa sequi. Molestiae soluta eaque consequatur ut natus dolor. Hic temporibus laudantium consequatur dolores a ex. Eveniet ullam maiores optio sint. Asperiores neque et voluptas cum id vel non.', 'Quae aut est commodi et suscipit non. Ab inventore vel neque et.\n\nPerspiciatis qui reiciendis a ut repellendus est. Deserunt qui neque molestiae soluta. Voluptatibus laboriosam hic quaerat nihil aut excepturi aut. Quibusdam iure sed unde dolor aut sequi inventore. Nesciunt sequi animi libero corrupti.\n\nVeritatis dolore cupiditate molestiae animi. Et hic vel molestiae eligendi temporibus quia. Vel beatae tempore natus adipisci.\n\nSit in adipisci quae inventore nihil et ut. Quasi rerum eum assumenda voluptatem id nihil. Officia eum et quo nisi.\n\nAt et fugit quisquam excepturi. Totam ut quasi adipisci molestiae blanditiis. Ducimus qui hic maiores.\n\nLaboriosam cumque et eaque asperiores. Vero impedit sint ut quibusdam.\n\nPerspiciatis perferendis est neque dolores aut qui officia. Voluptatem et quae iure. Quia ducimus vero illum sint sint qui ut. Iure sint officia est culpa.\n\nDolor temporibus amet culpa qui voluptate. Modi eos molestias accusamus animi. Et earum laborum labore in optio id. Consequatur laboriosam sed occaecati vel vel non.\n\nSimilique et quae laudantium ipsa quidem impedit. Praesentium iste officia rerum sit nostrum est sed. Maiores neque fugit omnis enim blanditiis.\n\nVelit mollitia ducimus dolores aspernatur unde ullam commodi. Aliquam nam sequi blanditiis. Mollitia in rerum porro reiciendis ut quia. Pariatur blanditiis temporibus qui delectus.\n\nReiciendis dolorum voluptatum eos deserunt molestiae asperiores saepe et. Quos illum omnis quia id et omnis ratione. Sunt eius sit temporibus quaerat ut.', 'saved', '2013-07-10 08:54:13');
INSERT INTO `posts` (`id`, `author_id`, `category_id`, `title`, `description`, `content`, `status`, `date`) VALUES
(249, 111, 158, 'Iusto ratione doloremque inventore nihil similique aperiam.', 'Qui possimus voluptatum enim corrupti. Rerum voluptatibus temporibus est vel eos. Et et ut ut nemo quia numquam esse. Et non quaerat fugit voluptate eum unde. Dolor tenetur at explicabo quia.', 'Commodi enim ea molestias ut est iste incidunt assumenda. Sint vel omnis amet rerum. Dolor saepe sint saepe quisquam ab iste numquam. Voluptatem dolor quia odit.\n\nMaiores voluptatem et pariatur totam sit vel. Fugit et incidunt non quia fugiat magni quis. Ipsa commodi vel est non rerum.\n\nVero aut facilis sed dolor ex ipsa. Numquam velit voluptatem dolore porro. Quia voluptate aut adipisci rerum quas.\n\nEius sapiente nulla enim facilis soluta expedita laudantium. Doloremque voluptas quas et recusandae aspernatur. Nam non quaerat ut porro. Consequuntur animi quisquam laboriosam.\n\nLaudantium alias omnis dicta nesciunt perferendis saepe itaque quaerat. Id cum aut doloribus id vero autem sit.\n\nQuasi sed id velit repellendus debitis amet quidem. Dolorum debitis ullam laborum. Est fugiat tempora est ut iure voluptatem. Earum atque et adipisci est aliquid.\n\nPariatur et nihil molestiae facilis nihil. Reprehenderit ipsa magnam est rerum perferendis debitis. Porro consequuntur qui nulla quam odit voluptatem doloremque.\n\nVel dolorem aut necessitatibus voluptatum nostrum voluptas. Perspiciatis cumque laboriosam est ex nam. Enim quisquam animi et consequatur. Maxime provident et et.\n\nRerum et sunt voluptate deserunt sit. Saepe nisi voluptatem qui tempore qui quod voluptatibus. Praesentium et blanditiis eum. Qui quia non quidem quia velit numquam.\n\nEx accusamus omnis ipsam. Molestias ea ut autem asperiores sed. Totam autem rem sit sit qui et sed ut. Aperiam rerum atque at iusto minus quia.\n\nDeleniti tempora ipsum magnam beatae labore. Qui sed aliquid iste qui reprehenderit. Nobis et velit et aliquid nostrum.\n\nVoluptatem amet accusamus aut cumque. Asperiores corporis ipsa aut cupiditate id porro ea. Enim autem exercitationem deserunt amet officiis aut eos. Ut atque exercitationem dolore quo.', 'approved', '2021-01-10 11:59:42'),
(250, 110, 161, 'Vel voluptatem porro incidunt dolore et doloremque.', 'Modi exercitationem ut eligendi fugiat aut. Quae optio iure eligendi. Eum deserunt quis ut rerum eos libero. Aliquid officia quis labore aut saepe quia. Esse quia sunt et totam minus beatae aut qui.', 'Tempore distinctio quo esse vel ipsa excepturi. Qui minima blanditiis ut quia animi et ut. Ut magni quia suscipit et et.\n\nNon similique numquam est veniam quia. Deserunt nisi dolores nihil voluptatum quaerat eligendi similique excepturi. Maiores delectus aliquid aut eos. Nulla ut alias architecto quibusdam vero cupiditate fugit. Eos voluptate praesentium pariatur quod.\n\nAut consequatur unde error illum placeat omnis. Numquam corrupti quas tenetur sint. Velit temporibus soluta laudantium facere non provident.\n\nAd est autem doloremque nobis maxime repellat consectetur omnis. Laborum alias cumque quidem excepturi blanditiis vel. Cum nisi doloribus ab minima.\n\nQuia perferendis beatae tempore perferendis. Quasi recusandae non perspiciatis sequi praesentium ipsa est. Tempora dolorum voluptas eaque magni autem amet velit.\n\nAspernatur id nulla possimus. Expedita velit sapiente reprehenderit possimus illum consectetur. Sit voluptatem dolor non ut magnam aliquid.\n\nQuis minima repellat nihil. Molestiae alias sunt ipsa saepe nulla. Cupiditate eos doloribus dolore. Eos totam et repudiandae.\n\nEius dicta et dolor minus nulla vitae. Dolorem earum quisquam officia quisquam eaque expedita. Accusamus mollitia ullam hic est. Natus aut sed est repudiandae et non.\n\nLaboriosam recusandae et numquam ad et distinctio. Labore vero aliquam ut quia reiciendis ea quibusdam.\n\nEst quo velit mollitia ex explicabo. Ipsa quia praesentium labore est. Molestiae explicabo architecto ipsum nulla quis iusto ex. Dolorum et corporis voluptatem ea consequatur.\n\nRerum non in ut consectetur ut tempora. Ipsum ducimus quia quas illum. Explicabo beatae fugit incidunt.\n\nExcepturi nesciunt eos ut et animi et qui dolores. Debitis aspernatur eum ad ipsum sint aut. Nobis omnis amet tempora maiores ex iure praesentium.\n\nQuo non magnam distinctio aut temporibus et. Voluptatem ducimus soluta voluptas eveniet. Qui laborum blanditiis accusantium unde. Doloribus qui laudantium eaque ut consequatur.\n\nExplicabo ut temporibus tenetur mollitia et quaerat. Aut aut deleniti iste dicta exercitationem quidem repellendus. Ratione distinctio molestiae vitae itaque doloribus sit id non.\n\nTemporibus eaque et consequuntur facere quaerat quidem. Reiciendis velit et et sunt. Qui vel autem alias dolor et explicabo nobis. Eos quisquam quam optio autem ad.', 'posted', '2012-10-08 20:02:34'),
(251, 113, 161, 'Natus tempore molestiae dolorem fugit voluptas nam perferendis voluptatem.', 'Est qui doloribus quibusdam sunt deserunt nam est. Hic sed aut voluptatibus cupiditate. Dolor velit qui cum.', 'Id omnis veniam molestias ea aspernatur. Dicta eum repellat fuga et ut error maxime. Nihil possimus ut autem rerum.\n\nEsse aliquam necessitatibus ut voluptas et laborum est. Quos iure quis tempora deleniti dolor modi hic libero. Ea reprehenderit ut minus ipsa qui doloribus. Dolorem temporibus ratione amet voluptas.\n\nEsse vel impedit commodi accusantium illum rerum. Sint asperiores id doloribus unde ducimus est sit. Rerum modi vero debitis vel mollitia fuga laboriosam.\n\nReprehenderit est adipisci ad et quidem reiciendis voluptate. Consequuntur voluptas sit culpa suscipit quae voluptates. Fugiat non at qui ea placeat.\n\nEt expedita eligendi ab quaerat doloribus et. Exercitationem molestiae est natus ea hic sit nobis. Hic et quod quia voluptatem sint unde ea. Aut et amet molestias eum.\n\nIure rerum culpa sint reprehenderit quaerat culpa. Esse quibusdam ut modi quis molestiae. Aliquam est voluptate laudantium est magni.\n\nQuod corporis perferendis voluptas omnis. Maiores beatae ipsum omnis excepturi.\n\nDelectus et sed explicabo earum sed odio quasi. Nulla et vel animi. Alias deleniti at possimus et aut. Distinctio sed libero dolorum consectetur ad ea. Modi et eius magnam incidunt vero.\n\nVoluptas maxime maiores corporis voluptas et qui ratione. Ea ut in aut explicabo eos. Quis sed fugiat quam mollitia dolores nihil consequatur.\n\nAd saepe aut tenetur est eos placeat. Quisquam adipisci rerum nulla. Repellat id corrupti rerum rerum amet repellendus velit.\n\nSimilique perspiciatis aliquam aliquam laboriosam deleniti. Laudantium laborum et modi quae. Omnis optio consequatur eius quod. Dolores cupiditate qui aut et corporis deleniti voluptates animi. Voluptate sint nihil animi maiores.\n\nUt quia hic cum et. Aperiam esse sit nihil ratione ut accusantium velit. Sit minus et accusamus vitae deleniti et.', 'rejected', '2018-09-11 13:44:51'),
(252, 111, 158, 'Excepturi incidunt vitae esse quam dolor harum.', 'Eius sit iure voluptas minus alias perferendis. Est a quo sit ut quo. Rem repellendus esse et id id sit.', 'Architecto saepe voluptatem eligendi tempora. Mollitia doloremque culpa soluta magnam temporibus. Corrupti sint dolorum beatae veritatis est et modi.\n\nNon aut possimus id cumque aut vero. Maiores vero sit veritatis dolorem aspernatur sit aut. Eum rerum qui nemo necessitatibus hic beatae atque.\n\nAutem repellat qui quidem voluptatem ea consequatur sunt delectus. Amet nisi dolor dolor ut laborum assumenda. Cumque rerum aut molestias cumque. Blanditiis sint sed excepturi nam.\n\nNihil exercitationem quae sunt explicabo. Dolorem voluptatem cupiditate ut commodi et nihil quidem. Iste dolor est quis dolor modi dignissimos ex quos.\n\nAut fugit laudantium incidunt iusto. Sunt quia neque nihil dignissimos beatae. Laborum ex sit molestiae eveniet corrupti.\n\nEst veniam sit officiis molestiae et unde nam sed. Omnis in non voluptate neque eveniet. Commodi tempora dignissimos dolorum rerum sed ipsa. Asperiores magni nemo odio iusto maxime.\n\nAmet deserunt non magnam quis ipsam. Quam aliquid aperiam sit necessitatibus ipsa. Rerum sapiente aliquid aut eum dolorum dolores enim voluptatum. Reiciendis aut dolore consequatur ullam qui.\n\nEnim assumenda suscipit molestiae veniam. Voluptatem omnis in magnam autem numquam rerum eveniet. Voluptatem quidem facilis qui. Quod dolores rem quae praesentium placeat.\n\nPerferendis ea enim et fugiat adipisci est nobis nihil. Eum illo facere dolor esse corrupti fuga sint. Ipsa illum enim minima. Quis aut sunt officia rerum eligendi. Aspernatur sed at eius officia.\n\nRerum in amet architecto perferendis in dignissimos quaerat. Corrupti id facere quo alias eaque reprehenderit explicabo. Accusantium labore enim veritatis consectetur sed ducimus mollitia beatae.', 'posted', '2018-05-12 02:27:14'),
(253, 109, 163, 'Numquam ea veniam sed at.', 'Vitae dolores voluptatem quia ut voluptatem vel. Dicta similique est deleniti tempora eum. Voluptas in libero officiis debitis.', 'Expedita magnam non aut quam. Molestiae at culpa soluta aut cupiditate inventore est. Hic deserunt voluptas nostrum qui necessitatibus. Voluptatibus sed qui hic autem non.\n\nVoluptatum dolores repellendus debitis voluptatibus. Esse quidem voluptatem fuga. Est cum ipsum nobis. Necessitatibus et ullam repudiandae ipsum ipsum sit.\n\nIusto ratione voluptatem repudiandae ut sed natus rerum. Non reiciendis asperiores omnis ex a molestiae. Corrupti nihil delectus qui occaecati ut. Cupiditate assumenda sed voluptatibus autem rerum.\n\nMagnam illo vel et quia cum. Molestiae nihil cupiditate nesciunt et et. Repudiandae numquam quibusdam minus qui sit perspiciatis blanditiis sed.\n\nEum quidem aut et. Nihil quisquam animi enim expedita provident labore. Autem quam voluptatem reprehenderit ut. Eos ducimus id suscipit beatae molestias aut illum.\n\nNihil rerum eum reiciendis velit eaque. Voluptatum consequatur voluptatum non facilis ut eius impedit. Placeat esse voluptas voluptates in placeat. Dignissimos sed dicta repudiandae.\n\nAccusamus magnam eos ea accusantium quos consequatur. Quasi similique rem eos corporis maxime. Illo non hic repellendus consequuntur ut amet maxime cupiditate.\n\nEt similique sapiente assumenda aut ipsa. Maiores reprehenderit et eaque facilis qui. Saepe commodi qui ut eos molestiae sed iusto earum. Qui consequuntur voluptatem atque rerum illo.\n\nTenetur et omnis iste aut non impedit. Tenetur accusamus iure non et deserunt rem quos. Ad pariatur quis voluptatibus doloribus laudantium soluta. Fugiat eaque exercitationem quibusdam.\n\nDistinctio in at labore iste laboriosam. Id officiis ipsa quam vel fuga quia id. Sunt pariatur eum delectus repellendus et ut blanditiis repudiandae.\n\nQui porro excepturi dolor distinctio qui. Quis ut quasi repudiandae facere nobis aut. Nostrum repudiandae ut fugiat mollitia at.', 'posted', '2018-10-20 23:44:25'),
(254, 107, 153, 'Ipsa vitae dolores nobis ipsa.', 'Et est impedit praesentium qui sed laborum provident. Voluptatem nobis dolorum alias quos consectetur. Ipsum sit eum delectus veniam consequuntur vel. Aut aut omnis enim quidem ipsa harum molestiae.', 'Inventore quas quis sunt accusamus voluptate. Necessitatibus necessitatibus voluptas dolorem. Excepturi ut alias id et.\n\nEst expedita itaque maiores illo unde asperiores nulla blanditiis. Id facere dolorum non aliquid quo. Nostrum distinctio doloribus in alias voluptatum et iusto. Molestiae consectetur quas ut quis tempore.\n\nEt tempore error corrupti dolorem eligendi. Quidem accusantium hic optio quae. Ad ex sapiente laborum sint praesentium adipisci libero.\n\nSunt et quis ullam consequatur qui consequatur illo. Nihil vitae et eos nulla ipsam quidem quia.\n\nEveniet quis dolorem ducimus facere repellendus. Ullam aut harum officiis. Suscipit vero ratione corporis praesentium quia adipisci. Omnis non quia et excepturi sequi omnis.\n\nQuia soluta ex provident. Tempora beatae quibusdam voluptatem voluptatem et velit quas. Est sunt nostrum delectus velit maxime sint. Necessitatibus id quo qui possimus aut.\n\nExcepturi vero reiciendis consectetur debitis et sit quisquam. Expedita consequuntur sunt illo aut eos nam. Repudiandae laborum rerum at ad quo veniam et. Atque fugit labore neque dolorum mollitia nesciunt ut itaque.\n\nOdio atque labore sapiente dolores rerum eum nihil. Fugiat ipsa nulla ea est. Quia delectus consequuntur et sequi veniam dolorem doloremque. Qui nostrum odit quia ipsum sapiente ullam. Sit commodi qui consequatur fugiat quisquam.\n\nQuis libero quaerat id. Voluptas rerum quos ut similique aperiam. Et soluta delectus aut quibusdam.\n\nExcepturi amet est id fugit. Ullam nesciunt doloribus nulla quo. Explicabo ut voluptates adipisci est et.\n\nOccaecati veritatis fugiat voluptas ullam voluptatibus qui est odit. Et et modi veniam consectetur.', 'saved', '2020-08-31 21:15:03'),
(255, 105, 160, 'Debitis id ut quia ducimus possimus sed.', 'Reprehenderit aperiam sint ipsam culpa quisquam qui. Modi qui magni amet omnis quibusdam ut praesentium. Qui illum eos incidunt natus.', 'Sed consequuntur qui aut provident. Cum velit similique quo voluptatem ut reiciendis commodi.\n\nAsperiores natus commodi corrupti debitis voluptates sunt nesciunt eum. Mollitia velit voluptatem reprehenderit est aut. Optio aut aut ea est.\n\nCupiditate quas et id voluptas voluptatem sunt quod facere. Autem odio quasi veritatis velit et et nisi ex. Facere porro repudiandae corrupti debitis. Sequi voluptas sunt aut itaque.\n\nMagnam aut odio veritatis quasi ut odio velit. Fuga sunt expedita a molestias eveniet necessitatibus velit. Voluptas voluptates repellat laborum molestias et. Reiciendis aut eos nihil rerum doloremque omnis beatae consectetur. Molestias commodi et vel in amet.\n\nEst error consequatur dolore eligendi. Earum rerum totam ullam. Rem et odit aut occaecati repellat corporis ut. Amet et hic omnis esse sed velit adipisci. Dolorem quia dolorem consequatur sunt.\n\nUt aut quam omnis perspiciatis labore. Quo unde omnis aut quasi. Possimus deleniti voluptatem aspernatur et. Error praesentium odit magni qui consequatur delectus.\n\nAutem quo ullam et amet aliquid deleniti quam. Ut est quia qui exercitationem eligendi consectetur esse. Numquam cum natus corrupti ipsa voluptatem porro autem.\n\nBeatae hic at expedita aut libero beatae et. Iste totam rem praesentium sunt fugiat excepturi rerum. Saepe sunt est ea est cum molestiae. Autem velit magni voluptas sit accusantium enim.\n\nAspernatur accusamus qui hic assumenda molestiae. Quis cumque excepturi est sunt deserunt qui. Non tempora iste laboriosam libero. Reiciendis officiis aut veritatis illo quia aut itaque.\n\nAut dolor perspiciatis ut dignissimos temporibus est sed. Nisi qui corrupti laudantium vel alias ipsum. Est asperiores error iste voluptas velit. Soluta non est ad ratione voluptas pariatur.\n\nIncidunt impedit dolor quia et nam. Quis qui fugit tempora sequi est recusandae. Veniam voluptatum quos accusantium cum consequatur cumque ut. Cupiditate molestiae tempora possimus provident.\n\nNon sit molestiae modi vel incidunt deserunt. Qui veniam qui et et non a voluptas.', 'saved', '2019-06-07 10:24:46'),
(256, 108, 164, 'Dolores fuga qui illo maxime.', 'Et qui et omnis dolorem. Ut esse voluptatem optio neque dolor dicta in. Voluptas est aspernatur corrupti nemo. Quia maiores porro minus voluptas explicabo quis.', 'Sunt perferendis dolores qui libero voluptatem ut. Et adipisci eum et explicabo voluptates in provident. Est inventore enim ut corrupti fuga enim dolores.\n\nAccusantium quibusdam quaerat natus velit. Et quis ut quae est sapiente. Repudiandae sapiente sit ut hic hic laborum. Sit qui eaque voluptate.\n\nVoluptatibus maxime repellat sapiente aut molestiae. Odio itaque in molestias qui vel necessitatibus sit omnis. Perferendis quod veritatis dolorem voluptatem non. Facilis earum autem incidunt est reprehenderit velit laborum.\n\nExcepturi dolores minima quasi placeat. Culpa unde illo reiciendis velit ea. Deserunt consequuntur saepe rerum quas quam.\n\nProvident quaerat et qui eum molestiae vel sed. Occaecati minus exercitationem doloribus sed non sit enim. Qui laboriosam in voluptates eligendi non aliquam.\n\nSunt nobis amet dicta cum corporis. Aut enim asperiores magnam alias. Ut dignissimos quaerat fugit temporibus aut laborum ratione. Necessitatibus qui et sint aut et veniam.\n\nDolor repellat nisi et. Tenetur sit blanditiis sit atque. Aut possimus quia natus illo velit voluptate.\n\nAut dolorem ipsum iste possimus. Distinctio velit doloribus sapiente magnam nihil ad quis. Magni modi qui enim sit eligendi quo. Explicabo laudantium impedit distinctio ratione.\n\nIpsam illo et qui rem veniam praesentium. Quis placeat officiis repellendus ut ipsam sunt maiores. Qui pariatur ea ut quod ex blanditiis. Incidunt iste magnam qui impedit totam.\n\nVel architecto aliquam assumenda. Et doloribus corporis velit voluptatum id ratione adipisci molestiae. Vitae iusto rerum et nisi ut.\n\nAtque unde laudantium deleniti qui. Hic ea velit et aut sint libero.\n\nTempore facere ducimus quia autem laborum officiis. Mollitia et ex molestiae nobis. Dolorem iusto eveniet beatae cum non minima. Quis ducimus voluptate tenetur illum itaque eum sapiente.\n\nVoluptatem recusandae laboriosam id porro eligendi aut. Recusandae nulla rerum suscipit et et cum accusamus. Illo molestiae accusamus recusandae laudantium neque autem sed.\n\nDolorem aperiam non quaerat ut quisquam velit. Porro ex nihil ut ut at. Alias repellat sit necessitatibus rem libero quisquam.', 'saved', '2013-02-08 01:13:46'),
(257, 108, 153, 'Repellendus consequatur aut vel quis ut qui nemo.', 'Qui esse debitis nobis quaerat. In ullam et ut quis et occaecati et. Adipisci dolores aliquid libero. Temporibus aspernatur sit esse omnis aperiam a rem.', 'Et exercitationem consectetur ut nulla sunt at recusandae. Modi ut delectus vel molestias. Impedit officiis dolorem non sed consequatur. Aperiam aut dolorem perferendis dolore exercitationem temporibus quis.\n\nNulla magnam voluptatem molestiae enim repudiandae ut. Quos qui animi qui explicabo sint tempore corrupti. Sit architecto mollitia in.\n\nBlanditiis molestiae pariatur sed dolorem et. Explicabo id est beatae nesciunt sit praesentium incidunt. Reiciendis itaque neque voluptatem est quia fuga et. Repellat placeat voluptas rerum id ea ab ea consequuntur.\n\nEnim aliquam ipsa vero animi dolore laborum qui. Explicabo qui itaque rem et. Reiciendis voluptatem rerum accusantium ipsa earum vero officiis dolores. Ipsam harum maxime voluptas libero ab error est.\n\nEt dolorum veniam ipsam est minus sapiente quo quis. Est et quis debitis. Fugit quas asperiores aut voluptatibus et veritatis.\n\nEst eum rerum sunt tempore. Voluptate alias qui similique est. Voluptatibus sit enim in praesentium. Totam sed voluptatum quam a consectetur at.\n\nSint consequatur asperiores non. Est rem tenetur sapiente repellat est eaque ea repudiandae. Vero fugiat nam qui sed aspernatur.\n\nEt maxime consequatur cumque iusto a. Eveniet aut autem est enim voluptatem. Quae omnis maiores optio voluptas.\n\nQui libero rerum inventore velit. Autem sed est rerum quis fugiat. Et aperiam cumque aut doloribus. Deleniti suscipit ab quod quia doloremque veritatis.\n\nEveniet sunt voluptates labore eos ipsa dolor. Molestiae provident non praesentium aliquam doloremque aut. Aut repellendus ut omnis in voluptate sit. Qui enim voluptatem rerum quisquam.\n\nSequi blanditiis magni pariatur labore. Ut dignissimos voluptatum praesentium dolores. Quisquam sint laborum doloribus tenetur quisquam eos. Vero nesciunt magni laudantium repellat laboriosam cum. Veritatis cumque dolore corporis in ad distinctio.\n\nEos nulla suscipit natus officiis. Ut occaecati dicta consequatur deserunt cum rerum. Quo neque nemo ut at eum possimus accusamus praesentium. Iure qui dolore temporibus dignissimos praesentium laborum id.\n\nTotam esse et voluptatem non. Ea voluptatem quia excepturi nemo ratione quas aspernatur. Eos inventore suscipit et inventore optio officiis numquam. Assumenda et vel minima.', 'approved', '2012-08-27 06:43:57'),
(258, 106, 158, 'Omnis debitis quia sit eos ipsa molestiae nostrum asperiores.', 'Tempore sit veritatis repellat accusamus ad. Suscipit illum quasi tenetur veritatis impedit molestiae. Reiciendis deleniti deserunt dolores eos.', 'Facere expedita deserunt expedita rem tempore sunt impedit et. Hic consequatur ut temporibus necessitatibus eaque fugit quaerat. Et saepe magni aut et.\n\nIncidunt tempore illo sit accusamus ea repellendus. Totam vitae illum nihil et asperiores quos. Qui autem ducimus molestiae cupiditate. Veritatis deserunt sed ullam consequatur quis aut.\n\nIpsam aut ducimus rerum eos quas exercitationem qui a. Aut ad sit et repudiandae. Ab possimus est et animi rerum ea ad voluptas. Sed id officiis voluptatem nobis veniam rerum. Sunt rerum consequatur eaque aliquam eveniet.\n\nVeniam esse accusamus quae omnis est labore. Voluptatum dolorum voluptas aliquid quaerat distinctio. Omnis non aliquam repellendus et rerum.\n\nQuas quod iure dicta et sit perspiciatis. Tempore in molestias et nostrum voluptas consequuntur. Inventore blanditiis dolore rem debitis officia. Velit ad et est quia ut. Asperiores eaque id non repellendus voluptatibus unde eum.\n\nAlias est nobis repellat laborum error veniam magni. Adipisci ut ut eligendi quos ipsa. Cum non aut consequatur id qui ratione quia.\n\nEt voluptatem quae et sed maiores asperiores. Ut qui aspernatur odio repellendus molestiae. Rerum et praesentium corporis ducimus. Atque fuga beatae exercitationem sed.\n\nQui tempora consequuntur reiciendis est adipisci vero consequuntur. Consequatur deserunt doloribus est sed repellendus possimus in quam. Optio quia est mollitia optio consectetur aut. Porro natus voluptatem non consequatur quasi.\n\nExercitationem sit qui eligendi qui quo. Dignissimos eveniet nobis quam expedita dolore. Qui expedita laborum perspiciatis aperiam enim iste voluptatem. Nihil enim qui molestias quo assumenda.\n\nIllo molestiae molestiae quibusdam libero quo eius dolorum. Quos aut explicabo rerum aperiam aut. Saepe quo cumque aliquam ipsam in laborum hic. Earum porro sapiente quo libero minus similique cumque.\n\nDoloremque nobis cum similique quidem ducimus. Ab quibusdam vitae sit est illum. Molestiae aliquid tempore quia a animi. Quia facilis et ratione quo excepturi eos beatae quos.', 'inprocess', '2013-02-20 02:51:28'),
(259, 108, 162, 'Amet molestiae dolore fugiat sequi.', 'Tenetur qui qui consequuntur voluptas. Odio voluptatum occaecati voluptas aliquid ut ea incidunt. Aut doloremque quia odio odio voluptates enim. Inventore ipsam sit et dolor dolores voluptas id. Labore sunt ut dolor quis.', 'Sed sunt dolor et eum. Porro deleniti voluptas praesentium tempore ipsa. Eum nisi ea aut ipsa dicta sit.\n\nVero et autem qui adipisci dolore odio. Quis accusamus quam consequuntur provident. Ea dolorem repellat eos vel repudiandae. Ea ad inventore et. Neque fugiat quasi rerum beatae suscipit voluptatibus.\n\nQuas recusandae itaque nulla. Omnis recusandae reiciendis doloribus ipsa et ea voluptatem. Ipsum ratione consequatur recusandae quasi voluptatem saepe aliquam. Soluta alias minus sint laudantium labore nobis. Ipsam omnis voluptatem quidem.\n\nRerum quo non reprehenderit molestiae eum autem. Id exercitationem et rerum doloribus. Rem rerum rerum quia velit ut laborum. Qui reprehenderit quo rem quo sapiente architecto. Aut et eius quo veritatis eos deserunt.\n\nEaque et laboriosam incidunt. Dolorem maiores dignissimos placeat excepturi ut autem qui. Ad soluta quis unde nesciunt expedita aut quis. Facere doloremque velit dolor dolore quas sint.\n\nId officia praesentium doloremque modi. Consequatur aut dolores quia minus aut reprehenderit ut. Eum in nemo omnis harum ipsum amet accusamus. Tenetur voluptates dicta aliquid aspernatur.\n\nDistinctio repellat esse et officiis. Beatae delectus a nihil est itaque sint.\n\nMagni dignissimos consectetur tempore distinctio voluptates. Eum non accusantium numquam pariatur aut aut ipsum. Molestias voluptas sed et incidunt nostrum.\n\nQuia sint assumenda nemo. Omnis impedit aliquam consequuntur temporibus neque dolorem deserunt iure. Dolor et dicta beatae incidunt molestiae consequatur repellat assumenda.\n\nRem placeat qui eos laboriosam voluptatem eveniet est. Corporis ipsa placeat beatae cumque quasi dolorem soluta. Quia nemo quisquam voluptate sint ab neque rerum necessitatibus. Magnam illum et quia voluptates eaque sint.\n\nVoluptatem vitae et architecto occaecati quia a. Qui quos aut sit ut officiis. Quos autem aut non vitae voluptatum.', 'rejected', '2017-06-16 02:53:31'),
(260, 109, 164, 'Sapiente et et distinctio.', 'Tempore iusto ut itaque ut non occaecati. Voluptates eum facere illo assumenda maiores doloremque. Sunt non nemo illum facilis sit aut nulla.', 'Soluta qui temporibus rerum consequatur. Similique sed qui similique in molestiae nostrum. Sed sint dolor qui rerum explicabo. Dolor qui asperiores commodi omnis labore assumenda quo.\n\nReiciendis incidunt eligendi omnis minima dolorum. Itaque voluptatem qui quo ad ut omnis iste.\n\nEst rerum qui a omnis. Aspernatur a tempora fugit omnis eligendi voluptatem. Modi excepturi voluptatibus voluptatem quaerat.\n\nPorro sunt explicabo sint perspiciatis voluptates. Architecto rerum tempore in fugiat architecto. Voluptate labore consectetur veritatis perspiciatis nihil accusantium. Eum corrupti excepturi qui ut.\n\nVoluptatem quae natus autem asperiores aut tenetur. Incidunt beatae fugit tempore autem eos. Explicabo ipsa aut soluta distinctio illum distinctio.\n\nDeserunt in et in ut alias eos. Aut id nam libero sapiente in labore debitis sequi. Temporibus eum nihil explicabo. Nihil quas rerum qui exercitationem fuga consequatur ut.\n\nDelectus minima voluptas odit amet est quis necessitatibus cupiditate. Eum eum ut quibusdam quo aut. Laudantium impedit ut laudantium quam modi.\n\nOfficia quaerat velit dolores adipisci. Debitis tenetur esse doloribus rerum modi. Dolor est esse voluptas neque. Quam quas illum eligendi nemo voluptatem culpa rerum veniam. Nostrum sed cumque reprehenderit laborum labore.\n\nNemo et quod voluptatem assumenda totam. Voluptatem tenetur accusantium explicabo aut asperiores qui quibusdam porro. Cupiditate provident a soluta quisquam. Est architecto non non omnis.\n\nHarum voluptatem et maiores in. Dolorem deserunt nobis ea aut ut labore aut. Ut aut voluptatum quia. Provident odio ad veritatis autem quas modi consequatur.', 'posted', '2017-05-14 03:19:43'),
(261, 114, 154, 'Modi odio ea asperiores eum et.', 'Mollitia ad qui maiores voluptatem eos distinctio. Accusantium maiores ratione in sit maxime. Dolor est sint dolores eum ratione nam.', 'Itaque eum inventore aliquam assumenda totam. Vitae recusandae quasi voluptates amet enim. Aperiam nulla voluptas molestiae et voluptatem. Consequatur qui eveniet voluptatum libero totam et.\n\nEt est velit sint cum id. Explicabo explicabo ullam architecto sequi molestiae earum quia vero. Dolorem quia perspiciatis numquam. Placeat sed numquam molestiae expedita omnis deleniti debitis.\n\nEst nam incidunt qui ab. Cupiditate impedit et soluta eum nesciunt eveniet id omnis. Non vero tenetur aut.\n\nSit ex non occaecati nam. Magnam rerum in et id molestias. Tenetur culpa consectetur distinctio id minima molestias aut minus. Eius voluptas maxime ipsa.\n\nIpsam et ut cumque neque. Eum ut quia id dolores. Cumque quasi deserunt sit velit. Eos voluptatem commodi hic et.\n\nIure laborum expedita quos facilis ratione autem. Doloribus et velit voluptate aut fugit. Non in ut quasi sed corrupti labore sit.\n\nNihil repellat expedita nihil voluptas consectetur ipsum. Dolor veritatis est ut in iusto modi. Vitae rerum impedit cum eveniet. Rerum non commodi sit et.\n\nVoluptatem et laboriosam enim consequatur minima recusandae reprehenderit. Ipsam iure enim eum dicta voluptatem non quia. Et accusantium voluptate saepe in impedit non. Repellendus quia nihil adipisci eveniet consequatur enim.\n\nAsperiores sit vitae ut dolores. Nihil voluptate consequatur minus voluptatum illum provident consectetur. Minus quisquam cum totam suscipit. Reiciendis amet rerum voluptate qui eligendi necessitatibus autem. Illum perspiciatis debitis a nihil ipsam quo pariatur est.\n\nMolestiae doloribus ipsum ducimus atque inventore eveniet. Occaecati voluptate dolorem dolorum veritatis. Qui mollitia rerum rerum. Hic nostrum voluptas saepe minima sint.\n\nDoloribus id consequatur fugiat. Quidem similique voluptatem in doloribus sit reiciendis amet. Numquam cum veniam optio. Magnam quia et est aut necessitatibus.\n\nQuia occaecati rem et autem consequuntur eos. Esse error laborum magnam aut. Nemo quod sequi officiis ex rem dolor aut reiciendis. Corrupti cupiditate et eos. Autem et ad et aut enim.\n\nAmet adipisci distinctio ut ducimus. Rerum porro perspiciatis repellat aut. Officiis amet quisquam qui nam.\n\nAutem laboriosam quam iure quo architecto ab corrupti. Sed nostrum ducimus nam placeat veritatis.\n\nNon ducimus quod cum dolor debitis fugit. Fugiat velit nisi dolorem aut. Ex dolorem dolorem vitae aut.', 'inprocess', '2015-10-04 10:57:21'),
(262, 108, 164, 'Sit sequi hic magni delectus quia aliquid dolore aut.', 'Aperiam consequatur ut voluptate excepturi eum est repudiandae. Accusantium magni consequuntur non fugiat adipisci. Vero architecto similique a fuga. Laboriosam eum officiis eaque quaerat eaque.', 'Quisquam in sequi rerum veritatis ut. Earum voluptas corrupti similique. Reiciendis autem sint reiciendis hic. Soluta inventore minus consectetur ut a rerum.\n\nEst ea ratione ut reprehenderit maxime. Rem corporis consequatur voluptates odio distinctio soluta. Illum eligendi repellat non. Omnis id laboriosam qui qui necessitatibus voluptas est explicabo.\n\nIllum et repudiandae at ex voluptas dicta qui. Sit quae doloribus explicabo quia et neque. Laboriosam esse ipsam eum aliquid ad sunt.\n\nQuia non dolore officia corrupti facere nam beatae. Facere fugiat ut quae doloribus adipisci quam velit recusandae. Rerum perspiciatis rerum amet dolorum est.\n\nEt dolore tenetur ut harum. Odit veritatis ea officia delectus eum accusamus. Placeat possimus ut vel commodi sunt quidem impedit. Assumenda ut perspiciatis reprehenderit omnis.\n\nSaepe dolorem blanditiis temporibus et. Similique non ut expedita voluptas alias sint quia praesentium. Eos qui labore modi mollitia.\n\nOmnis consequatur est ratione aliquam ratione illum. Exercitationem architecto sed laudantium molestiae. Est quo facilis ducimus in at sunt. Magnam consequatur iste maiores est delectus enim iusto.\n\nEt in voluptatem perferendis consequuntur consequatur. Soluta rerum maiores sit enim minima omnis molestiae. Totam aut sapiente eligendi ut.\n\nBlanditiis magnam et totam. Assumenda quo deserunt consequuntur ut consequatur ullam sunt. Iure a inventore pariatur eos.\n\nPlaceat rem sed qui. Placeat corrupti placeat ullam ratione. Consequatur magnam ipsum culpa voluptatibus explicabo sit ullam. Aperiam eaque sed officiis voluptates.', 'approved', '2015-08-03 09:25:14'),
(263, 113, 157, 'Ut veritatis rerum quod optio earum nihil.', 'Qui voluptatem a sequi quis tempore cupiditate sed animi. Ratione quia maxime tenetur provident quis totam quia nemo. Officiis eos inventore aut fugit. Voluptas molestiae saepe culpa provident incidunt cum saepe itaque.', 'Autem autem qui distinctio delectus. Velit corporis quibusdam eum dolorem ab consequatur. Et occaecati architecto voluptas voluptas sint omnis. Aut nulla rerum quod tempore nihil occaecati aspernatur.\n\nQuo similique voluptatem quae cumque voluptatem. Aut omnis at ab consectetur sed. Commodi impedit blanditiis doloribus aut et quasi ipsum. Eos eos provident commodi.\n\nIste quia et velit in. Tempora quia exercitationem molestiae molestias at et harum. Ut ut praesentium voluptatem asperiores sit cumque.\n\nImpedit corporis nemo cumque minus et eaque. Eligendi a maxime perspiciatis sapiente possimus. Neque est perferendis ad fugiat amet sit eaque illo. Deleniti unde id vel hic.\n\nQuis est sed porro rerum suscipit. Magnam laboriosam cupiditate iure quisquam aut ea facilis nostrum. Sed eum nobis tenetur iste sequi. Est sed ipsum consequuntur.\n\nRepudiandae consequatur eum dolor nisi in quod. Non dolor neque autem quo provident. Aliquid vero incidunt ducimus dolore. Tenetur recusandae in libero nemo consequatur.\n\nSint quibusdam animi et. Ut et voluptatum doloremque ullam molestiae similique iste. Minus non qui deserunt doloremque ratione mollitia iusto commodi.\n\nUt quo deserunt quo aut pariatur ut voluptas. Commodi est quisquam veniam reiciendis delectus at. Et nesciunt cum aliquid iste expedita voluptatibus quia est.\n\nDucimus molestiae id animi est. Ea aspernatur et ratione dolorum aut.\n\nVoluptatum nisi iure accusantium commodi veniam possimus. Et et non suscipit libero. Est consequuntur minus ut corrupti reiciendis.\n\nRatione velit nihil maxime. Quis qui dolorum non. Dolorum illum ut ut mollitia. Nihil nostrum quidem voluptatem dolorem.', 'rejected', '2016-09-24 17:34:36'),
(264, 105, 162, 'Reiciendis voluptatum est rerum consequatur quasi similique ut voluptatem.', 'Ab voluptatem ipsa et consectetur autem. Impedit et ut earum ut alias expedita distinctio. Autem et voluptatem libero sint enim omnis.', 'Repudiandae ipsum consequatur dolorem quia ab. Explicabo quia autem doloribus tenetur voluptatem eos. Optio et et incidunt nisi eum.\n\nAperiam sapiente rerum reiciendis quo quia. Quia reiciendis voluptate illo et. Iste dicta sit iusto eos aliquid corporis autem. Sapiente error cupiditate illo eum sed. Doloribus animi deserunt sit rerum distinctio est et.\n\nQuia sunt possimus deserunt officiis. Quas dolorum aut velit aut et. Placeat in non cupiditate inventore nihil omnis in. Animi ipsa provident quibusdam sunt ducimus modi.\n\nQuam est molestiae vel aut. Quis eaque est ullam distinctio. Beatae aliquid fugiat hic ut ut perspiciatis natus.\n\nSint modi ut quos nihil eveniet omnis. Repellendus quas illo consectetur dolores praesentium necessitatibus. Cum voluptas rem in. Vel rerum ad delectus sed vel aut cum.\n\nCupiditate a veritatis repudiandae quis omnis. Voluptas placeat voluptatem repellat provident nostrum veritatis. Illum vero et doloribus sint sed. Minima debitis labore necessitatibus libero.\n\nUt accusamus porro et ex. Minima illo delectus voluptatibus autem et aut. Ut ab omnis repellendus mollitia. Recusandae dolorum consectetur possimus maiores.\n\nAut quidem id vel dolorum molestiae et similique laudantium. Aut explicabo et ad aut consequuntur. Quaerat rerum perferendis qui blanditiis perspiciatis dolor.\n\nMolestiae alias impedit quidem est soluta quia aut dolorem. Harum nulla beatae id ullam officiis. Possimus ex amet molestiae explicabo.\n\nRerum quis in ipsam et deleniti perspiciatis. Enim est consequatur nihil et voluptas. Ut quo fuga in aut nihil. Error et praesentium eos quis ut aut reiciendis.\n\nQuas debitis enim sunt voluptate at eaque tenetur. Nihil aliquid incidunt qui voluptates dolor. Consequatur et quam autem et at. Quia sit quibusdam dolores nihil ullam sed voluptatibus.\n\nDolore est animi quisquam suscipit. Voluptas earum quis et quaerat. Distinctio quam et ullam quibusdam. Aut deserunt neque et incidunt qui.\n\nAsperiores quibusdam ipsam quia natus repellat tempora esse. Laborum eum et vel iusto consequatur. Nihil maiores itaque hic amet ut.\n\nOfficiis alias voluptas atque corrupti error. Iste ea consequatur voluptate ratione accusantium nobis at consequuntur. Natus id sapiente eum atque minus minus. Dicta exercitationem numquam voluptatum occaecati.', 'inprocess', '2016-11-08 19:39:45'),
(265, 109, 154, 'Possimus quod eaque voluptas.', 'Reiciendis aut quia dicta excepturi aperiam consequuntur. Odit exercitationem pariatur aperiam commodi. Accusantium ab et adipisci. Quisquam quisquam animi quod nulla. Dicta cumque quos consequuntur harum aut.', 'Vero perferendis earum amet perspiciatis eveniet odit. Qui tempore voluptatem ex corrupti vero laborum. Et accusamus et voluptate odio dolor. Eaque labore tempora aut sed ut est occaecati facilis.\n\nNisi quis repellat enim cumque dolore fugit cumque repellendus. Dicta qui nihil accusamus dolorem aperiam non. Ut corrupti ut ea dolores nam sunt. Nisi qui et ipsa totam ipsam pariatur aliquid.\n\nExplicabo molestiae architecto id. Et qui velit sed placeat ipsa. Qui adipisci enim dignissimos velit ipsum.\n\nDolor et alias ea tempora dolores quia. Reiciendis debitis dolor quia quo qui. Quis odit et et ipsam laborum eveniet est. Voluptatum maxime sed hic hic perspiciatis et.\n\nEa ullam consequatur doloribus sunt quae error neque. Neque cumque quo illum qui qui. Praesentium rerum ea et quidem occaecati est at. Culpa consequatur dolorum explicabo laborum quia.\n\nCorrupti sit quisquam magnam minus. Error eius itaque quia voluptatum minus aliquid nihil. Hic in omnis saepe sed sunt. Consectetur id dolorem quia provident fugit quasi voluptatem aut. Quos quia magni ut eligendi architecto ducimus.\n\nEos quis sit et est quo. Voluptatem perspiciatis non nihil reprehenderit in voluptatem dolorum. Ex minus sed aut ipsa ea sapiente.\n\nUt doloribus harum saepe itaque sed perferendis. Qui nesciunt magni vel qui dolores aut nihil at.\n\nEt officiis doloribus rerum quae quos. Quasi aut saepe nisi. Blanditiis laboriosam non enim eius nisi.\n\nQuam cum culpa alias voluptatum ipsam error. Quis amet quam a praesentium sequi eos. In eveniet voluptate velit fuga omnis rerum est.\n\nCum doloribus quas ipsa laborum tempore. Aut nam similique cumque qui. Deleniti qui porro est. Esse enim odio rerum cupiditate quisquam voluptatem.', 'posted', '2017-05-10 04:53:53'),
(266, 105, 157, 'Non ipsum est et consequuntur illo rerum.', 'Excepturi consequatur numquam consequuntur. Excepturi dolor reprehenderit in. Voluptatem corporis reiciendis unde eligendi distinctio. Accusamus ut non laboriosam rem aspernatur. Amet et et sit corporis.', 'Voluptatum quidem laboriosam pariatur sed possimus et et. Qui eveniet minima distinctio mollitia. Voluptate voluptates voluptas et aliquid amet expedita. Repudiandae eligendi animi saepe.\n\nSunt dolor ut neque commodi fugit reiciendis expedita. Vero eveniet officiis laborum placeat. Ipsum voluptatum rerum qui expedita ratione. Nihil magni odit molestiae laboriosam earum voluptatem.\n\nReiciendis inventore ducimus eos qui dolorem cupiditate dicta. Harum eius fugit asperiores deleniti doloribus adipisci numquam. Et dolorem ex et non.\n\nEst officiis aut non maxime in et. In harum modi quia. Veritatis non quia sunt esse necessitatibus. Aspernatur tempora libero quo aut et ut sed.\n\nEnim dignissimos ad qui et qui animi. Quo quia eligendi sint velit fugit dolorem et. Dignissimos sunt modi dignissimos dolor et. Aliquid non accusamus quis voluptas repudiandae.\n\nVoluptas aliquam quos sed est. Repudiandae maxime nihil vero aspernatur ullam ab consequatur. Incidunt sit accusantium sint soluta veniam impedit.\n\nQuam et rem error maxime beatae aliquam cupiditate. Id enim temporibus nam quas esse explicabo tempora. Ea odio animi occaecati non ullam sapiente quos dolores. Est quam ut nostrum exercitationem.\n\nQuae voluptatem incidunt consequatur facere qui. Expedita nostrum nisi mollitia et soluta itaque exercitationem. Sint occaecati rem sit dolores quos consectetur illo. Enim illum officia optio excepturi. Autem iure praesentium quo sed et qui.\n\nSit optio omnis cupiditate possimus. Similique iste voluptate molestias perferendis. Minus quasi voluptas saepe nemo eaque sit minus molestiae. Consequatur ut voluptas libero ea nisi dolor.\n\nArchitecto quam repellat impedit vero at harum quo. Veritatis fuga perferendis dolores consequatur saepe blanditiis nobis. Sapiente quia voluptatibus nemo quos accusantium.\n\nOmnis ea quis ducimus est reprehenderit doloremque facere. Vitae repudiandae qui rerum impedit omnis tempora illum. Aspernatur voluptas cumque consequatur nam.\n\nAccusantium quis totam enim. Ullam non sit illo facere. Ipsam consectetur minima et excepturi et. Sed ipsum quos distinctio nostrum ut.', 'posted', '2018-02-25 13:02:52'),
(267, 113, 163, 'Omnis ducimus sint ducimus ut quia minus ut.', 'Iure id quibusdam et aut itaque molestiae omnis. Excepturi error tenetur libero aut fugiat. Culpa et quia est minima est. Optio officia voluptatem culpa eos aut officia aut eius. Et ipsum tempore nihil sunt rerum laborum minima.', 'Quia voluptatem qui sit quo architecto. Laborum quidem maxime voluptatum et soluta et sed. Tempora a consequatur alias similique. Perspiciatis eum odio vel assumenda nam. Eum culpa quo voluptatum corrupti.\n\nAut est reprehenderit sint quia atque dignissimos nam. Non ut sunt voluptatum similique nulla autem sit. Architecto omnis nulla et. Quis expedita beatae consequatur. Et neque molestias ea corporis.\n\nNemo consequatur dolor enim et nihil ducimus. Qui voluptas adipisci labore hic nesciunt porro. Autem dolorum ut est aut veritatis consequatur. Placeat qui ad nisi nisi rerum libero.\n\nQui incidunt consequatur minima ipsum eius ab. Quos non sint fugit neque quam qui. Cumque a omnis nam. Quisquam molestias quam dolor ratione veritatis officia soluta.\n\nCumque eos nesciunt maxime necessitatibus voluptatem. Ab ipsa quia dolore excepturi. Quo et voluptatem consequatur maiores minima quam qui. Assumenda aut corporis repellat sit quia quia libero eum. Id qui aliquam repellendus laborum laborum dolorum.\n\nQui illum unde ipsam itaque dicta sit autem. Fugit harum rerum quo nihil non. Placeat et quam exercitationem ullam.\n\nNihil voluptas maiores expedita et earum. Quaerat et ut rerum corrupti rerum rerum. Ex qui aspernatur soluta. Non vel itaque atque qui numquam eaque praesentium.\n\nFuga corrupti earum omnis sint cum sunt. Nemo dignissimos ut aut expedita. Et porro est omnis. In omnis quas ut eius dolores explicabo. Aliquid esse quidem recusandae et explicabo debitis eos.\n\nAccusantium aliquid est atque voluptate qui aspernatur et. Ut velit reprehenderit adipisci sit porro sunt qui. Ad itaque voluptatem vero molestiae aut ut.\n\nAmet non nihil eos fuga. Et quo hic et dolorum assumenda quo porro. Non rerum nulla cum rerum sint eaque blanditiis. Nulla soluta blanditiis et quis. Atque asperiores reiciendis ipsum architecto aliquid omnis sit.\n\nFuga commodi rerum voluptas. Quia qui at voluptas quos omnis consequatur. Ratione qui incidunt et labore facere velit occaecati. Distinctio quia quo quam eveniet eos.\n\nTenetur voluptas fugiat iusto maxime illum qui rerum. Quo ut qui laborum vero enim autem. Praesentium eius voluptatem assumenda illo.\n\nAmet quam consequatur voluptatem aut. Ut quia culpa rerum fugiat eum nemo dolore molestiae. At vero iste rerum est enim. Dolor veniam ad eos odit sit numquam.', 'posted', '2018-06-27 21:44:41'),
(268, 106, 154, 'Necessitatibus rem sit adipisci maiores magnam in exercitationem.', 'Expedita officiis tempore dolor libero nemo hic. Fugit voluptas illum quia excepturi. Quia modi et iste expedita consequuntur soluta magnam. Magnam non quo sunt. Inventore ut repudiandae neque.', 'Est amet aspernatur similique molestiae libero. Qui aut odio distinctio illum illum quasi quas. Fugit sunt officia voluptatem et unde ut consequatur. Aut modi voluptate pariatur placeat.\n\nNon impedit expedita adipisci mollitia delectus odio sit. Harum et ut voluptatem aliquid aliquam ut impedit. Quisquam at ea et minus culpa earum. Recusandae eum omnis blanditiis exercitationem.\n\nEst odio harum est quis veritatis. Enim aut molestiae autem ad. Non recusandae occaecati qui officia. Expedita cum quia earum accusantium.\n\nQuas esse et repudiandae est. Aliquid aut nostrum aliquam sapiente. Exercitationem aspernatur aut eum non tenetur.\n\nAspernatur qui et recusandae et id. Omnis sit quo dolorum laudantium officiis ab. Recusandae illum cum praesentium rerum ut officiis. Voluptas nisi aut dolor.\n\nAut et rem et saepe molestiae. Placeat tenetur itaque iste fugit odit. Delectus fuga ex fuga libero quam nostrum. Non aut quibusdam saepe odit illum eligendi quisquam.\n\nEligendi libero temporibus ut corporis voluptas repudiandae ab. Aspernatur exercitationem in cumque maiores enim. Autem non et veritatis qui totam occaecati eum. Dicta ullam totam occaecati cupiditate.\n\nRatione voluptatem qui illum eos aperiam. Ut eligendi ipsum totam voluptatum. Eos incidunt quaerat aut quibusdam ad enim eveniet. Aliquam quia ipsum illum iure mollitia. Placeat voluptate non a quos.\n\nAut nisi eos nam sint voluptatibus dolore nobis. Nostrum voluptas officiis sint vel quia omnis. Est ea voluptas inventore sed. Eaque voluptas omnis dolores dolorum cumque ut in quae.\n\nAccusantium veritatis numquam quod atque illum quia quia. Quibusdam doloremque recusandae pariatur consectetur delectus mollitia placeat. Occaecati amet consequuntur minus optio beatae assumenda. Rerum molestiae recusandae voluptatem.\n\nQuam amet nulla voluptatum laboriosam in. Tenetur laudantium qui vitae soluta fugiat aut tenetur. Et iusto omnis ut quaerat dolor omnis similique.\n\nId non est voluptatum. Nihil sunt tempora aliquid non assumenda dolor pariatur. Molestiae quidem praesentium id temporibus. Quidem voluptates harum dolor.', 'saved', '2011-03-17 20:18:04'),
(269, 114, 155, 'Mollitia beatae asperiores autem occaecati repellat officiis.', 'Dignissimos in odit officiis distinctio et id a ipsa. Est nostrum voluptatum voluptates alias voluptatum. Dolorem sunt doloribus quam reprehenderit atque reiciendis. Illum adipisci deleniti quod adipisci voluptas doloremque non magni. Molestias ducimus omnis recusandae placeat omnis neque.', 'Quasi impedit eos ea ea laborum amet id qui. Omnis accusamus ut debitis facilis sit nisi. Itaque nemo consequatur facilis cupiditate laborum.\n\nIn et dolore ex. Qui vel voluptatem dolorum magnam reprehenderit id. At quia molestias quas aut dolorum dolore vitae porro. Quasi excepturi voluptas mollitia officia.\n\nDebitis accusamus dolorem quia eum laudantium. Quas natus et placeat rem expedita et sunt. Adipisci libero dignissimos eius et non aut. Voluptatem illum in quia et ut.\n\nUt repellendus totam odit numquam rem accusantium. Ipsam architecto est iure dolores ipsum a dolores. Facere unde laborum voluptates deserunt nisi consectetur cum.\n\nVoluptatibus similique sequi et ipsum voluptatem. Vero culpa eveniet eius voluptates nisi nihil. Vero ut sint eligendi quo.\n\nAmet sunt ut enim. Harum est voluptatem eos ipsum. Enim itaque corporis ad est et aut consectetur quasi. Placeat saepe et laudantium esse aut sit. Cumque voluptatem tempora est rerum ut.\n\nMinus voluptatum ad commodi rerum qui ea. Est autem harum tempore consequatur ut ipsa. Ipsam ea eum dolores sit distinctio. Doloremque sed pariatur esse dolor excepturi.\n\nEt consequatur placeat a neque. Rerum voluptatem voluptatem voluptas rerum et. Nostrum tenetur sunt alias nostrum.\n\nQuia in assumenda excepturi tempore earum. Et non dolorem dicta maxime eveniet doloremque. Molestiae reprehenderit rerum ut deserunt a. Qui aut saepe aspernatur nemo ut modi.\n\nCorrupti numquam ad aut in ut voluptas dignissimos incidunt. Modi accusantium eaque eos fugiat provident. Voluptatem quo perferendis ipsum qui voluptatem qui ad.\n\nDolor sunt omnis enim ipsam iste nisi non. Soluta alias impedit temporibus non. Error tempore id exercitationem fugit ex libero voluptatem ut. Accusamus aut ab voluptas dignissimos aut illo.\n\nSit ea autem quidem unde dolorum ipsam aspernatur. Suscipit accusantium molestiae omnis expedita nesciunt cum dicta nulla. Consectetur temporibus error dolores ut in et et similique. Consequatur reprehenderit molestiae et modi.\n\nQuasi eum vel fuga aut facere. Asperiores quibusdam quis ut. Dolor sunt dolorem quia minus voluptates error.\n\nQuia rerum blanditiis voluptatem. Vero dolor officiis dicta aliquam perferendis. Voluptas maxime dolor sunt possimus consectetur magni similique.\n\nDistinctio omnis est quaerat assumenda porro numquam. Unde velit voluptatem omnis possimus quisquam non. Alias quia dignissimos non. Blanditiis temporibus corporis ullam ipsum maxime.', 'saved', '2015-10-25 09:13:58');
INSERT INTO `posts` (`id`, `author_id`, `category_id`, `title`, `description`, `content`, `status`, `date`) VALUES
(270, 112, 164, 'Aut aut quas recusandae est ad.', 'Voluptatem officiis corrupti voluptatibus dicta amet. Ipsa laudantium doloribus distinctio quasi est accusamus porro. Qui molestias reprehenderit in pariatur non assumenda porro necessitatibus. Quis dolore excepturi non rerum et cupiditate sunt.', 'Saepe et sed vitae ut ad voluptas. Ab qui minima quisquam delectus incidunt id. Quisquam quia deserunt quas omnis accusantium. Pariatur magnam distinctio unde optio voluptatum voluptatem.\n\nAb velit aperiam illo ratione quae repellat. Incidunt dolor consequatur eos. Numquam est veritatis quidem rerum quaerat incidunt ut voluptates. Adipisci est reprehenderit velit molestiae quis commodi reprehenderit.\n\nUt repudiandae dicta ipsam. Hic ducimus quos facilis quaerat vitae veniam blanditiis. Exercitationem et incidunt et velit temporibus minima. Voluptas exercitationem fugit fugit placeat dicta mollitia voluptate cumque.\n\nUt atque blanditiis ipsam aut blanditiis voluptatum id. Explicabo nobis est iusto qui voluptatem. Iusto est sunt mollitia voluptas eum delectus corrupti voluptatem.\n\nSed modi autem voluptate quibusdam quia. Esse omnis libero consequatur doloribus quisquam eum illo dolorum. Qui rerum consequatur ut. Maxime est neque eligendi et.\n\nVoluptas eos quis rerum cumque doloremque quisquam. Ad facilis est non enim consectetur ullam quidem suscipit.\n\nUnde reprehenderit consequatur atque exercitationem exercitationem occaecati. Aut nihil et cumque perspiciatis. Maxime optio pariatur aut.\n\nVoluptatem est pariatur architecto. Quod ut incidunt minima alias.\n\nQui corrupti repudiandae deserunt magnam nesciunt debitis natus. Nulla sint aut odit facere aut excepturi sit ducimus. Qui consequatur alias aperiam et quidem iste eos. Magni libero ut dignissimos.\n\nEnim saepe deleniti eaque ea architecto dolores sequi velit. Dolores ea hic eos sed voluptatem quod. Sapiente ducimus veritatis ut corrupti dolore earum numquam harum. Sequi incidunt harum impedit sapiente.', 'rejected', '2013-09-09 09:24:03'),
(271, 107, 162, 'Laborum consequatur error facilis incidunt voluptas culpa non.', 'Sed provident molestiae accusamus praesentium qui. Ipsam quaerat dolor fugiat possimus. Enim veniam aut soluta temporibus quia at sit. Qui veritatis omnis amet ut inventore impedit aliquam. Voluptate exercitationem reiciendis et sed aspernatur sint at debitis.', 'Commodi dicta id est dignissimos nemo. Consequatur velit dicta rerum facere quis sed.\n\nQuas dolor officiis qui saepe adipisci architecto officiis. Magni eaque occaecati corporis. Quod temporibus quia et velit.\n\nQuis vero similique ratione. Aut autem sint rem aut earum fuga ipsa sint. Tempora ea hic ducimus fuga incidunt libero. Reiciendis libero aliquid voluptates. Delectus nesciunt facere iusto ea deleniti.\n\nSapiente doloremque ipsa quo sunt hic aspernatur laborum natus. Eum pariatur deserunt ut consequuntur ab aut eligendi. Rem culpa provident tempora adipisci adipisci perferendis molestiae. Necessitatibus qui optio amet dicta maiores.\n\nVoluptatum pariatur pariatur ea ducimus hic. Quia voluptatum est molestiae maxime blanditiis.\n\nExercitationem dolor ipsam eligendi veritatis expedita maiores aliquid. Excepturi non nemo alias et. Iusto reiciendis itaque et repudiandae cum et similique expedita. Aut deserunt consectetur adipisci.\n\nIllum nam officiis quas nihil dolorem non repudiandae. Similique vitae itaque quia earum. Ut nam autem ipsam sequi.\n\nMaxime voluptatibus sit aut neque fugiat laboriosam eveniet ratione. Doloremque veniam quia consequatur ea dolorem quia laboriosam ipsa. Incidunt iure error ab qui voluptates. Quo cupiditate in quia maxime maiores cum explicabo.\n\nEa expedita sit odio voluptatem. Rerum animi amet ducimus. Alias veritatis enim saepe maxime minus.\n\nUt mollitia ut sed. Unde voluptatem tempora voluptatem iste temporibus numquam. Molestias totam explicabo consequuntur ipsa ut sequi quia.', 'saved', '2012-06-25 17:50:06'),
(272, 106, 160, 'Sit nulla iusto non a est.', 'Distinctio eaque debitis iusto autem qui. Assumenda tenetur autem sint ea aperiam. Ut voluptatem quam pariatur iste quia cupiditate consequuntur. Perferendis aut sed quia consectetur impedit sed.', 'Molestiae voluptates quia doloribus rem eos. Repellat earum velit ad voluptas id. Libero ut in cum asperiores quas ea aut. Molestiae ut sed nostrum.\n\nConsequatur expedita in quia voluptas perferendis eaque voluptate praesentium. Neque laboriosam exercitationem laborum id. Quos eveniet quaerat nihil delectus.\n\nEt eius qui qui quo aliquam possimus expedita. Non atque nisi harum odit fugiat ratione quae. Eos officiis sint velit sint et consectetur. Quas officia veritatis magni.\n\nUt quibusdam autem delectus nostrum. Inventore quibusdam voluptatem et aut libero autem. Eaque accusantium corrupti aut amet enim inventore voluptate. Explicabo et ut saepe aut. Dolorem optio dolorem esse esse id.\n\nEt ex quaerat possimus voluptate a. Optio deleniti necessitatibus laudantium dolorem delectus. Ut est soluta dolorem dicta reiciendis recusandae consectetur.\n\nConsequatur voluptatum molestiae perspiciatis est non commodi. Quam accusantium aut nisi voluptatem minus. Quis neque asperiores incidunt odio voluptas. Maiores fugiat officiis possimus saepe. Qui blanditiis aspernatur illo quos.\n\nTotam facilis quo voluptas. Error expedita eveniet aliquid eius dolore et ut ducimus. Ut at deserunt voluptas deserunt et quod.\n\nReiciendis ut quis ipsa nostrum adipisci. Eum cupiditate iusto odit ipsa. Vero est provident earum. Quis amet voluptatem necessitatibus quia delectus consequatur est.\n\nSuscipit qui vitae ut cum. Esse eaque ut molestias nesciunt qui. Nisi pariatur mollitia eius consequatur in. Odit rerum non labore enim.\n\nOfficiis in quia et autem. Quo rerum et aut molestiae ducimus. Autem eius molestias officiis. Sunt architecto enim molestiae iure.\n\nId quasi in atque iste. Delectus dolorem dolorem eaque. Ipsum distinctio ullam ad.\n\nEx delectus hic quis. Ratione animi quia sit. Rem consequatur et sint porro dignissimos aut maiores quo. Sapiente placeat sit consequatur.\n\nEa et eligendi non ipsa vel est. Omnis vel exercitationem ad ad quod. Dolorum ipsum rerum consequatur fugit sed corporis.\n\nRepellendus qui ut et eligendi iure in. Velit aut aspernatur illo. Nisi eveniet rerum illo qui tempora non. Qui nemo est rerum.\n\nConsequatur occaecati in quisquam impedit quibusdam. Nam corporis fuga voluptas nesciunt animi rerum. Omnis quis voluptates labore unde eligendi beatae facere. Dicta rerum ipsum ut atque tempore dicta fuga. Id autem ipsa recusandae sunt enim.', 'posted', '2020-08-05 20:14:39'),
(273, 109, 164, 'Et molestiae voluptatem non libero blanditiis exercitationem.', 'Et distinctio incidunt temporibus sunt. Sunt error eveniet sit aut. Repellendus ad aspernatur ea minus sunt. Expedita maxime delectus ea quam ut ipsam. Ipsam aut magnam fugiat officia rem ut est.', 'Aliquam omnis optio possimus accusantium et. Hic natus facilis voluptatum facilis. Sequi consectetur et asperiores et praesentium eum. Blanditiis voluptas eius expedita minus. Dolorum et corporis rerum culpa in.\n\nMinima beatae et omnis fugit alias veniam non quasi. Quod sapiente reiciendis aperiam voluptatibus voluptas.\n\nAliquam aut quasi et dolores. Eaque minus molestiae ipsum maxime possimus. Nemo ab harum pariatur dicta sunt voluptas. Laboriosam dolores sed nesciunt aperiam fuga iusto nihil numquam. Esse est maxime sint quo totam.\n\nEt rerum et natus laboriosam quo iusto. In enim nam et perspiciatis et dolorem fuga explicabo. Delectus necessitatibus quo qui aliquam vero ipsa expedita. Doloremque non aut laborum eos adipisci cum.\n\nSed consectetur ut delectus magni. Provident quia nihil modi numquam. Expedita dolore aliquam ex non doloremque reiciendis reprehenderit. Dignissimos error earum consequatur nihil atque nulla quis voluptatum.\n\nNemo optio et quis sint vitae laboriosam. Rem nobis minus quas consequatur soluta assumenda repellendus et. Officia aspernatur aut doloremque deleniti voluptatem quia quo. Blanditiis adipisci error qui odit.\n\nFacilis dicta ab at officia quidem dolor nobis. Id natus qui molestiae qui expedita. Distinctio consequuntur delectus fugit ut sint incidunt beatae.\n\nQui natus in laborum quis. Fuga fugit dolor adipisci et nesciunt ea dolor. Omnis at dolor omnis sapiente sapiente.\n\nEt aut earum iure impedit vero sed. Nisi alias repellendus ut quam praesentium rerum deleniti. Omnis eaque dolores minus id neque et assumenda omnis. Vitae consequuntur qui vitae aperiam corrupti.\n\nEum qui reprehenderit voluptatem. Alias dolorem accusamus atque. Sed minus molestiae quisquam et. Ab rem in rerum.\n\nAut non eius odit corrupti. Suscipit eos nemo facere. Molestiae maxime animi eos ut sunt. Laudantium quia dolores repudiandae fugit at occaecati.', 'posted', '2017-08-03 17:44:52'),
(274, 109, 155, 'Et reprehenderit maiores sapiente qui.', 'Aspernatur in atque animi porro sed voluptate non cum. Doloremque incidunt dolor eius mollitia. A possimus doloribus odio tempore excepturi perferendis et eaque.', 'Adipisci enim eum voluptatibus est laboriosam. Qui nemo autem magni commodi commodi.\n\nAt qui sequi sed qui temporibus explicabo quibusdam molestiae. Soluta cumque labore ipsum omnis dolore ad. Omnis et in qui rem dicta. Magni mollitia repellat quia quos id rerum sunt.\n\nVoluptatibus fugit minus dolorem tenetur ex sint id. Id vel a consequuntur est et rem autem ea.\n\nTenetur est facilis assumenda expedita dicta enim omnis. Tempore a laborum mollitia consequatur dolorem. Veniam occaecati aut et veniam nisi quos rerum.\n\nFuga ipsum suscipit quod ad maiores. Sint magni enim tempore beatae pariatur ea. Aliquid aperiam ut voluptatem aut dicta perspiciatis veniam. Quae et autem sunt nihil earum quae. Qui cum quis numquam soluta.\n\nEarum necessitatibus neque qui dolores iusto sed. Aliquid nostrum rem rerum illum ut et. Eius dolorum similique cumque labore corporis et provident.\n\nDucimus id possimus voluptas officiis voluptas hic in aliquam. Fuga ab et minus enim modi. Ipsam molestias architecto perferendis dolorum perspiciatis quisquam. Sint qui ut quam non.\n\nEos incidunt voluptates culpa. Repellat eum ad ducimus magnam ut iusto. Atque et aut molestiae quod placeat.\n\nAd et similique quis ullam aliquam aut laborum. Eligendi occaecati ut rerum et dolore aperiam. Quod non cum eaque. Nesciunt possimus qui quaerat omnis sed doloribus ea.\n\nOmnis ratione dolor placeat dolorem qui. Temporibus voluptas perspiciatis voluptates non quisquam. Et maxime hic tempora facilis nisi.\n\nSit quam voluptate tempore vel et voluptatibus saepe. Nisi non numquam tempora accusamus at ipsam dolore. Excepturi quia molestias amet rem necessitatibus iure atque. Qui itaque atque est ipsa.\n\nMinima ea quibusdam sit molestiae qui. Velit consequuntur consequatur autem fugit eum est consequatur similique. Maxime numquam quidem rem numquam.\n\nNeque quam voluptate ullam delectus libero quo. Harum aperiam omnis quidem nulla omnis rerum. Sint consequatur ab qui dolor. Culpa qui sapiente quis facere et occaecati.\n\nUt ea culpa ut et vero. Voluptatem ex quis facilis totam tempora. Quia labore dolores modi rerum sed ipsa.', 'approved', '2012-11-22 11:19:04'),
(275, 108, 159, 'Consequatur quasi voluptatem error at consequatur voluptatem quidem dolores.', 'Error cumque ipsam modi ut. Repellendus eos aut qui. In quasi nihil hic. Eos ullam consequatur debitis.', 'Natus doloremque aliquam enim numquam. Et ut rem eius consequatur aut voluptatem aut. Cupiditate voluptas voluptatem enim architecto.\n\nCulpa maiores necessitatibus delectus nostrum tempore provident aut. Quia voluptas quia molestiae autem debitis. Ut quibusdam beatae ea repellendus. Iusto possimus veritatis non vel quasi sit. Sint quia vel consequatur suscipit.\n\nEveniet iure harum voluptatem at et voluptatibus ratione. Expedita omnis assumenda velit cum. A voluptatem nihil sed omnis voluptas maiores omnis. Officia aperiam hic nostrum temporibus explicabo rerum.\n\nIpsa odio suscipit dolorum nobis. Velit aut et voluptas perspiciatis id deserunt amet voluptate. Distinctio ad recusandae eum aliquid.\n\nConsequatur est quas sequi pariatur. Et nam minima quia beatae. Ea fugit dolor aliquid sunt et.\n\nQuis natus est sit aut et. Et numquam similique consequatur ipsum velit consequatur natus. Sunt magnam vitae maxime culpa.\n\nNobis esse in rerum rem quis veritatis. Quas omnis fugiat qui esse.\n\nQuia est reiciendis et ea dolores officiis dolores. Dolor omnis quia omnis omnis voluptatum. Eaque maxime sed itaque aut quaerat dolorum non ut. Facilis velit commodi aut cumque eos. Sint quibusdam quidem beatae nostrum.\n\nVoluptates dolores voluptate omnis illo nesciunt. Sed reprehenderit tempore autem ut. In nihil vel est non quis. Beatae aut non aut ex. Quibusdam nesciunt reprehenderit rem ut inventore facere.\n\nVel excepturi hic rem aut ad quia reprehenderit. Sed sapiente in qui. Rerum dolore ut voluptas. Necessitatibus cum ad eligendi qui.\n\nA sequi est distinctio laudantium dolorem quaerat eius. Molestiae molestiae explicabo provident. Qui dolorem ut eos ipsum ea quia cupiditate. Cupiditate voluptate ad iure quis asperiores perspiciatis et facilis. Sit nostrum quaerat culpa et voluptatem magnam atque.\n\nEt sequi natus nulla tenetur. Quo magni sunt est molestiae. Sit et aut magnam pariatur ea. Magnam natus explicabo rem delectus ducimus. Facilis veritatis illo ut quas culpa quod pariatur.', 'approved', '2019-07-08 22:25:31'),
(276, 108, 159, 'Omnis nobis molestiae voluptate dolorem deserunt veniam.', 'Impedit voluptas totam quia nobis et. Adipisci minus cumque eos omnis fugiat nobis porro. Quis distinctio est fugit. Facilis voluptas et quam culpa qui eveniet.', 'Nemo qui velit ut ex voluptatum. Reiciendis ut beatae aut unde sed odit. Et quod corrupti et.\n\nCum repellat suscipit consequuntur id perspiciatis similique. Dolor quis omnis perferendis rem sed necessitatibus cupiditate laborum. Et nemo quaerat eligendi.\n\nAliquam sint neque fugit eaque. Dolor et et magnam quia omnis dicta dolores. Vel natus numquam reiciendis et deserunt. Temporibus sint quas voluptatem. Pariatur sed a provident omnis sed quia.\n\nNesciunt pariatur laboriosam fugiat deserunt explicabo. Corrupti reiciendis ratione atque maiores sed vitae inventore. Quasi quaerat commodi officia aut voluptatem ut. Voluptatem accusantium totam aut occaecati beatae qui corrupti.\n\nCulpa neque asperiores accusamus esse officiis. Quia dolores ut ut et aut. Totam consequuntur qui facilis corporis fugiat alias. Molestiae quia iste cupiditate et minima quibusdam quo.\n\nAut sit suscipit distinctio itaque omnis consectetur. Non rerum aperiam aliquam adipisci. Ea ipsam corporis voluptatem voluptas deserunt sit.\n\nCupiditate omnis iste aut placeat. Dicta soluta ipsam eligendi repellendus atque. Sit aliquam in similique amet quia nam fuga cupiditate. Consequuntur aut animi officiis odit commodi odio aut. Optio molestias omnis maiores error autem.\n\nDolore totam laudantium voluptatibus distinctio qui natus. Modi vitae exercitationem voluptas et sunt.\n\nNam ut fuga sed labore sunt illum. Omnis dicta repudiandae consectetur ut rerum veniam consequatur quisquam. Fuga est qui molestiae nam dolorum. Natus id veniam ex culpa.\n\nDolorum beatae cupiditate ut et quia rerum. Molestiae beatae nihil exercitationem placeat pariatur sed aut.', 'saved', '2019-02-21 12:33:55'),
(277, 105, 154, 'Fugiat earum quisquam qui alias voluptatem id.', 'Atque totam quidem tempore aut ratione dolorem. Laborum perspiciatis mollitia nobis mollitia delectus possimus. Omnis ut perspiciatis sit doloremque commodi et. Necessitatibus temporibus consequatur id dolorem non. Beatae vero dolorem minus sequi sunt voluptas.', 'Suscipit voluptas molestiae hic ut magnam. Corrupti neque perferendis recusandae dicta occaecati sit quibusdam. Repudiandae necessitatibus ut neque dicta magnam dicta. Dolor assumenda qui eos perferendis minima.\n\nAut autem qui quod. Optio fugiat vitae nesciunt doloribus. Labore et repellendus ipsam sint cum. Maxime quia quia sequi ducimus neque sint quis. Dolores id quibusdam eligendi laboriosam sunt quia.\n\nQuisquam et quo eos nihil soluta quasi. Itaque sunt saepe quibusdam doloremque atque eveniet. Rerum omnis possimus id optio.\n\nVero non sequi facilis delectus occaecati suscipit. Voluptatibus assumenda qui hic unde illum iusto. Et eos sit ut distinctio.\n\nNulla unde rem velit et vitae vel molestias eveniet. Iusto dolores alias eligendi animi quo quis. Error corporis voluptas sunt quibusdam ut aut quisquam sapiente. Pariatur maiores aperiam totam perferendis aut soluta iure.\n\nPerspiciatis deleniti voluptatibus labore quo qui et soluta a. Inventore quos enim nesciunt dolore perferendis. Dignissimos dicta odio nobis nulla nihil veniam. Et voluptas enim alias blanditiis ducimus autem. Maiores debitis culpa delectus hic numquam amet sed ut.\n\nLaboriosam sed fuga a excepturi accusamus eligendi. Atque atque quam non odit. Dolorem aut earum delectus incidunt tempora autem laudantium.\n\nExplicabo quo est temporibus perspiciatis sint repellat voluptatem. Laudantium aut eos ea dolorem. Minus minus a et qui. Reprehenderit rerum sint itaque.\n\nEt qui ducimus necessitatibus minima. Est velit non est illum. Sequi ipsam dicta deserunt voluptatem.\n\nVoluptate impedit ut nulla. Et adipisci inventore nihil aliquid commodi. Magnam illum suscipit corporis et eligendi. Ullam praesentium aut omnis. Quis ut non est et consequatur veritatis nemo.\n\nAut itaque ut voluptas et. Ab optio commodi omnis eum molestiae. Totam quas dolor optio dolorem a voluptatibus dolorem. Dolorum ad id cumque.\n\nQuidem aut et enim aspernatur. Molestiae temporibus amet nesciunt ipsa veritatis excepturi officia. Et sint ullam quae veritatis. Quia tempore cum sequi.\n\nVoluptatem accusantium doloremque deleniti illo veniam a. Laboriosam quo placeat officia animi magnam voluptatem. Optio commodi nostrum numquam omnis quas asperiores expedita. Eaque odio possimus laborum quidem.\n\nQuas quas corrupti tempore enim autem ut. Ipsa vero aliquid sequi. Non est eum quam. Et corrupti voluptatum quasi voluptatem quod deleniti non. Ut aut voluptatem quas nobis et officiis recusandae.', 'saved', '2019-10-15 05:49:13'),
(278, 113, 164, 'Maxime repudiandae saepe alias libero iusto reprehenderit.', 'Vero cumque omnis ducimus ipsam ut. Eos dolorem incidunt vitae beatae. Omnis eveniet mollitia et est quo doloremque harum id. A temporibus consequuntur minima sit ea.', 'Sint nemo harum eum quia possimus corporis. Quibusdam voluptatem repellendus fugit autem exercitationem corrupti et nam. Aut aut aperiam est non voluptatem. Nam autem sapiente voluptate voluptas sint. Fugiat est itaque pariatur magni ducimus consequuntur sunt.\n\nVero et nulla officia non ut et. Amet molestias autem dolorem doloribus dolore. Quasi incidunt explicabo illum quos similique quia. Suscipit qui vel praesentium magni molestiae.\n\nBlanditiis nulla dicta placeat adipisci aut repudiandae doloribus. Aut et tempora ex. Cum error qui harum aut. Officiis enim eveniet mollitia possimus ratione recusandae id.\n\nMinus laborum perferendis autem aut. Dolorem cupiditate vel nihil reprehenderit ipsa alias omnis. Necessitatibus error aperiam molestiae sint. Voluptatem consequatur voluptas voluptates fuga ex.\n\nExplicabo et est sequi ut assumenda. Molestias excepturi recusandae dolorem commodi repellat voluptatum officia doloremque. Eum qui pariatur ut quidem sunt. Natus beatae nostrum asperiores a. Quos eius quis soluta pariatur ut enim atque.\n\nPerspiciatis ea qui deleniti doloremque. Sed nisi ullam quia magni. Reiciendis cum accusamus facere explicabo aut. Delectus voluptatibus labore rerum aut labore ab cum.\n\nVoluptatem officiis sunt aspernatur voluptas. Deleniti sunt praesentium qui labore in. Excepturi voluptate cumque non quasi rem suscipit deleniti. Voluptas aut aperiam id ut velit praesentium ut.\n\nUt sit aut qui. Repudiandae quisquam itaque ipsa quidem cupiditate. In voluptates et qui officiis.\n\nBlanditiis nihil ea magni qui. Quia et quo fugit. Impedit molestias in aut. Qui ut non ut voluptatem quibusdam animi.\n\nEt debitis enim magni. Dicta sapiente exercitationem dolores assumenda ut dignissimos sunt aut. Quaerat neque quas dolor et vel.\n\nRatione incidunt et voluptates perspiciatis dolorem. Explicabo aut impedit aut quia. Ea optio rerum sed esse et fugiat.\n\nIllum sapiente voluptatem quaerat cum. Quis et laborum in cum aspernatur quis molestiae. Mollitia tempora dolor autem non fugit. Iste saepe commodi voluptatem voluptatibus quam sit. Eius provident aliquam non rerum.\n\nItaque est consequuntur ut molestias iste quas. Et et odio aut. Ratione deserunt praesentium nostrum doloremque debitis cupiditate et.', 'posted', '2016-02-13 14:26:32'),
(279, 114, 158, 'Autem earum doloremque quidem dolorem nihil maiores impedit.', 'Nam similique et corrupti aut. Dicta et quo ipsa fuga sint. Ipsa deserunt libero fugiat quam. Molestiae natus alias debitis et vel consectetur. Vitae ea commodi nostrum quibusdam omnis.', 'Odit autem possimus dolorem. Quos autem molestiae voluptatum non. Inventore quo est consequatur cupiditate eius sint.\n\nQuod et est magni voluptatem quia aut. Magni voluptatum est voluptas. Ducimus culpa fugiat quia ullam optio quia quae. Nostrum quia nam dicta totam excepturi aliquam.\n\nLaudantium tempore quae nesciunt laudantium laudantium. Porro et et assumenda reprehenderit et rem aut nemo. Iusto qui repellat mollitia beatae ut officiis.\n\nOfficia id ratione fugit facilis. Facere magnam et voluptatem nesciunt at rem. Qui recusandae odit quasi qui officia ut ducimus magnam. Nobis iusto sint repellat unde expedita.\n\nUt neque ipsam quia. Ut possimus ducimus aut. Quis possimus qui omnis qui sed qui eaque.\n\nEligendi quod dolorem cumque magnam quia. Vel laudantium omnis in rem natus aut. Maxime earum eaque quo laborum odit. Et ea sequi qui ab a blanditiis vel.\n\nConsequatur earum labore est animi dolor aut. Id animi earum repudiandae corrupti. Quidem neque eum doloremque. Ut quas quo odio hic suscipit. Sed sint tenetur consequuntur.\n\nAut quia iure nihil excepturi in. Neque aliquid fugit dolorem. Et est laudantium reprehenderit aliquam perspiciatis officiis.\n\nLaborum neque nihil qui qui. Consequatur vel dolores odit et. Illum nihil voluptatum quia laboriosam. Sit labore commodi dolorem.\n\nProvident repudiandae voluptatibus ullam ex quasi. Et provident beatae id ut quae excepturi veritatis. Ipsa sed exercitationem minima maxime ab esse officiis.\n\nIure enim magni tempore aut voluptates sint molestiae. Dolor debitis dignissimos nisi accusamus deserunt est. Pariatur quidem quibusdam ratione dolorem.\n\nLaudantium eligendi debitis eos. Optio ex quod quaerat est veritatis neque itaque. Eum consequatur maiores adipisci eos aut impedit et. Consectetur accusamus consequatur eveniet aut voluptatem consequatur.', 'rejected', '2019-07-31 09:32:50'),
(280, 114, 154, 'Ea iusto officia non dolore rerum similique.', 'Autem dicta voluptas distinctio rerum ipsam molestias. Molestias ut voluptate id eveniet. Et et autem rem.', 'Quas repellat consequatur a nostrum commodi ea. Unde voluptatem qui commodi quia tenetur. Ratione cum quas culpa eum suscipit.\n\nEx corrupti impedit dolorem odio libero. Eos sunt sed autem laboriosam.\n\nEt vitae tempora ea. Aut ab similique iusto facilis. Rerum officia asperiores et qui sequi. Est omnis est consequatur at quod voluptatem vero. Cupiditate aspernatur dolor aspernatur inventore sit.\n\nNulla corrupti amet consequatur tempore ratione. Ut maiores dolores voluptas mollitia sed. Et iure vel consequatur corrupti nihil aut ducimus repellat. Et quidem tenetur sit.\n\nQuam nemo suscipit ut cum. Incidunt esse harum blanditiis hic. Est ut rerum nihil doloremque dolorum amet. Nemo vel aut optio doloremque non officiis.\n\nReiciendis distinctio quaerat quae. Maxime sunt accusantium dolorum ratione atque qui. Neque cum distinctio et ipsum vel.\n\nNam consectetur optio facilis aut perspiciatis. Reiciendis architecto similique autem quia quas pariatur doloribus aut. Ex blanditiis nobis ut nobis iusto et ut inventore. Enim quod autem sed non.\n\nEt impedit iure quia nihil sit. Magni unde iste ad impedit voluptatem quos.\n\nDeleniti et corrupti aut id. Quisquam est repellendus quod quia quas a. Aspernatur optio odit omnis deleniti laborum incidunt culpa quod. Praesentium numquam odit itaque et eum nihil.\n\nRerum beatae molestias aut id ut. Et est unde dicta.\n\nSapiente rem suscipit magnam est unde ut quaerat. Provident eum aliquam vel aut aspernatur exercitationem ut. Esse et ad corporis. Incidunt impedit maiores suscipit.\n\nUt deleniti velit qui et. At cumque nihil vel at a tempore enim. Amet architecto sint impedit laudantium facilis.\n\nConsequuntur consequatur minus eveniet fuga qui molestias ratione et. Ipsam non omnis animi ullam. Beatae accusantium quibusdam sed dignissimos natus.\n\nInventore quis voluptatum dolorum assumenda debitis adipisci sapiente recusandae. Aut aliquid quas alias tenetur adipisci. Ex animi quis qui id voluptatem provident provident ea. Sed quas ut ut et et sunt dignissimos.\n\nSunt facere illum id quis sint et repudiandae. Ducimus reiciendis rerum debitis. Sunt cumque veritatis deserunt vero consequatur.', 'rejected', '2013-03-08 11:39:35'),
(281, 111, 158, 'Ut facilis voluptate ipsum qui fugiat aut.', 'Sapiente ex quia et quis dignissimos rem voluptas. Ipsam est quia non commodi. Dolore quaerat voluptatem soluta sit dolores quibusdam officia omnis. Ut vero nesciunt ratione culpa quas.', 'Eius voluptatem aliquid voluptas velit est vel fugiat. Rerum sed corporis aliquam hic cumque. Minus et porro est est. Et saepe officiis quia cupiditate quam.\n\nExercitationem sint assumenda quis voluptas error. Excepturi ea fugit cum magni. Libero corrupti architecto eius dolore recusandae quaerat similique.\n\nLaudantium occaecati architecto maxime dolorem. Voluptate non sit magnam eveniet dignissimos libero. Explicabo beatae odit deleniti sed temporibus non delectus tempora. Sit quasi rem ut molestias quod. Cupiditate voluptatem sit incidunt omnis.\n\nQuasi qui quo enim explicabo fugit vel. Recusandae natus ipsa dolores quaerat consequatur. Aliquid occaecati et veritatis ea molestiae quia accusantium. Aut in quaerat est quod fugit eveniet qui.\n\nAut quaerat animi temporibus voluptatem pariatur recusandae. Reiciendis adipisci sit eveniet maiores nemo. Accusamus repudiandae similique fugiat officiis quia ab eaque. Cum quidem id et ipsum aspernatur doloribus voluptate.\n\nUt consectetur est velit voluptatibus qui. Minus perferendis occaecati fuga aperiam reiciendis nihil. Voluptates dicta rerum sint occaecati quasi vitae voluptatum.\n\nSunt et atque doloremque sint sint quia eos. Numquam qui voluptatem aut rem nostrum saepe ratione mollitia. Est totam asperiores non esse eligendi omnis.\n\nAsperiores maiores saepe enim modi ex sed molestias iste. Ut aut et nostrum earum. Illum ex earum doloribus. Nemo vel cupiditate sit ut praesentium aperiam error.\n\nAut nesciunt quia omnis expedita consequatur voluptatum. Enim consequatur consequatur repudiandae eligendi et. Molestiae quia qui architecto asperiores.\n\nNon in culpa eligendi enim voluptates sit eius. Nihil praesentium est fugit repellat. Modi rerum itaque quasi temporibus iusto magnam. Ut nisi eum accusantium.\n\nQuisquam libero voluptatem repudiandae totam odit. Dolor modi delectus velit non. Reiciendis officiis et similique repudiandae ut. Itaque quia et eum eos reiciendis fuga.\n\nEius minus eaque quidem nihil. Alias dolorem dolor voluptatum officiis. Ullam ratione ducimus velit. Dolor illum corporis delectus et qui.\n\nAlias ducimus aut corporis est et et necessitatibus. Ipsa rem nulla deserunt et ex vel qui.\n\nIusto optio labore vitae inventore ratione. Hic animi placeat omnis reiciendis cupiditate eos ut autem. Autem quam aut necessitatibus sapiente consectetur animi. Excepturi quia quibusdam laudantium molestias facilis nisi ut.\n\nAperiam in non eos ut dicta. Soluta aspernatur dolores et et necessitatibus sit. Aut ipsa enim consequatur praesentium aut.', 'approved', '2013-06-17 17:28:43'),
(282, 110, 155, 'Fuga omnis dolorem eum et qui omnis.', 'Repellendus officiis necessitatibus sapiente quaerat impedit tenetur. Id eum eius sit perferendis ut est itaque. Minima voluptatem suscipit dolor sed qui a. Repudiandae repellendus architecto sint sit repellat.', 'Nulla deleniti aut mollitia minus sed. Quibusdam sint dignissimos nemo cupiditate architecto expedita sint.\n\nIste tempora nemo ut voluptatum dolor nesciunt dolorem. Et in magnam voluptate omnis natus architecto. Et eveniet ut sed aliquam ad.\n\nVoluptate quas iste sunt cupiditate perspiciatis. Ipsum quae possimus nihil assumenda et quibusdam quia. Similique corrupti illo officia ipsum aut recusandae vero consequatur.\n\nNemo dolorum ab suscipit ducimus consequuntur numquam. Placeat vel qui modi et dicta nobis. Sunt sequi quam aut eligendi cumque dolor omnis.\n\nQuisquam eos reprehenderit autem at corporis voluptatibus sed. Aut maiores unde quae adipisci aut. Dolorem et magni sint recusandae assumenda ratione. Et possimus id sint iusto hic.\n\nRepellendus quia nostrum rem numquam cupiditate voluptas ullam. Incidunt consequatur atque architecto voluptatum ut corporis officiis molestiae. Ea harum sequi et aut culpa perspiciatis sint dolores. Animi provident quod debitis non ut.\n\nQuisquam sint pariatur alias et aspernatur. Alias quia excepturi vel. Fuga quis enim sed nam consequatur est sequi. Dolore sunt delectus et cupiditate.\n\nEos modi voluptas consequuntur necessitatibus aliquam accusamus. Facere sit et quisquam perferendis incidunt natus. Vitae sit est eos expedita ipsa.\n\nDolor id quisquam itaque perferendis in non. Odio inventore hic earum sunt accusamus nulla dolores amet. Doloremque enim voluptatibus dolor ab quos consequatur.\n\nIpsam possimus laboriosam quaerat dolorem quo enim ut facilis. Corporis non omnis expedita nemo.\n\nVoluptas aut ut iste cum enim. Voluptas ut omnis et earum. Magni ipsam deleniti repellendus iure quisquam repudiandae cumque.\n\nArchitecto totam soluta nihil. Placeat accusantium suscipit voluptatum quas voluptatem consequatur dolore vel. Non adipisci et saepe facilis. Ut rem qui iste aspernatur repellendus quia.\n\nAdipisci molestiae commodi velit corporis et. Impedit sint iste molestiae eius. Aperiam ducimus laboriosam itaque est asperiores ipsum quae quam. Iusto nobis porro ut tenetur facere eos ducimus.\n\nFuga et voluptatem mollitia totam velit ut. Non quaerat voluptas tempore quaerat quaerat quod. Aspernatur earum facere recusandae aut.', 'inprocess', '2015-05-16 13:58:23'),
(283, 107, 154, 'Porro neque in autem possimus a.', 'Quasi ut maxime quo est earum facilis temporibus optio. Maiores esse est facere possimus ut ut et. Distinctio aperiam in quo quibusdam quas ducimus.', 'Non dolore iure similique ex perspiciatis aut veritatis. Excepturi voluptate repudiandae nostrum libero. Laboriosam beatae enim iusto pariatur ipsam qui quia.\n\nVoluptatem officia adipisci consectetur et qui. Officia laudantium animi sapiente consequatur quis ea eaque. Quia quos atque vel perspiciatis praesentium perferendis aut. Et eaque accusantium alias error. Quia id sed aut nihil quisquam porro hic.\n\nEt nostrum error repudiandae necessitatibus. Enim est non nihil neque perspiciatis laboriosam. Sint maiores aperiam maxime ea vero aspernatur. Ipsum recusandae expedita rerum rerum eos sed.\n\nSint dolor veniam sed non porro. Atque veritatis et error quibusdam. Neque et debitis est quasi voluptas. Ad dolores assumenda ea eum at minima autem.\n\nRepellat occaecati ipsum et labore voluptatem optio et. Cumque eum quia porro cupiditate molestiae suscipit fugiat. Sed facilis omnis molestiae assumenda laboriosam.\n\nDolores rerum ipsum eveniet aut. Sapiente pariatur aut vel quis pariatur accusamus. Molestias sed architecto magnam mollitia saepe.\n\nUnde excepturi velit et aperiam nemo reprehenderit aperiam. Iure sed occaecati excepturi. Consectetur adipisci id vitae excepturi qui voluptatem.\n\nVoluptatem et sed doloribus inventore. Accusamus ab ut rerum accusantium. Sapiente blanditiis enim est ut ipsa enim.\n\nQuia qui dolor facilis est. Repellat et ab officia necessitatibus voluptas. Qui esse asperiores sit nobis. Ut possimus perferendis magni eos.\n\nRerum quo sint et dolores. Doloremque ratione ut sit facere molestias. Dolores et voluptatem libero. Tempora id quisquam vel quo sint.\n\nNulla voluptates sint maiores. Perspiciatis sed laborum aut ut animi eaque. Ratione quo amet harum ut. Minima delectus officia porro et.', 'approved', '2015-02-14 09:17:01'),
(284, 113, 153, 'Et sed id nesciunt.', 'Est molestias dolorem aut dolores. Deleniti quas quia et veniam corporis necessitatibus. Quo eum voluptatem ut fugiat et. Explicabo maxime nisi doloremque et.', 'Laborum sit expedita est corporis aspernatur voluptate. Iusto non et accusamus dolores molestias. Vitae distinctio eum necessitatibus vero. Et maiores voluptas cum.\n\nEt qui maiores in ullam. Ducimus dolor ad et consectetur. Corrupti impedit omnis et et ratione. Cumque saepe aut voluptates dignissimos delectus qui atque.\n\nNumquam quia repellat optio ad quaerat quia. Aliquam autem eum repudiandae voluptatem quis provident. Alias qui tenetur dolorum ut deleniti id. Amet neque aut ut suscipit.\n\nMollitia veniam consequatur maiores. Aut qui excepturi eaque dolor. Repellendus eum sed provident non id.\n\nArchitecto adipisci et optio architecto in dolor ullam. Sequi dolore quis ut neque. Dolore perspiciatis quod enim nihil.\n\nSit blanditiis occaecati velit non cumque natus. Maiores enim quidem modi veritatis sit. Reiciendis sit quibusdam nesciunt dolorum.\n\nFugiat at laudantium numquam officiis vel consequatur eum. Similique nam aut consectetur tempora nemo tempore. Libero praesentium ab dolore molestiae.\n\nQui molestiae porro iste omnis sint nihil. Repellendus iure ex quis harum. Ea illum et quia. Expedita maiores nemo consequuntur voluptates distinctio est. Sed earum enim molestiae deleniti.\n\nQuis quos ab impedit quia qui atque earum. Iste quia sed qui odio et odit molestiae aut. Velit ut a id alias sunt tempora. Non doloremque veritatis accusamus quo nemo.\n\nEos optio laboriosam eos ab necessitatibus. Ipsum nobis molestiae sunt ex qui eveniet ipsum. Consequatur eligendi non aliquid itaque eaque et laborum.\n\nConsectetur aperiam soluta harum reiciendis. Ex molestiae occaecati qui minima iusto libero similique.\n\nA perspiciatis numquam mollitia adipisci quibusdam. Esse ea odio a enim cumque delectus alias. Et qui error maiores. Nemo et aut provident ad quo dicta.\n\nTemporibus quia ipsa quaerat excepturi. Ipsam velit aut officia sint quia incidunt temporibus doloremque. Omnis possimus sapiente deserunt nulla. Quas quaerat accusantium eaque quaerat est asperiores.\n\nQuisquam rerum nemo numquam eaque corporis totam nulla molestias. Quia est commodi sed ipsum aspernatur. Voluptas aperiam neque odio necessitatibus illum molestias. Adipisci sit itaque tenetur ab ab velit.\n\nQuis qui perferendis eos eum nobis corporis expedita. Nulla est illum odit veniam. Vero quasi sint ad nisi.', 'posted', '2021-01-10 00:24:34'),
(285, 113, 153, 'Velit in et amet accusamus ut exercitationem inventore asperiores.', 'At quis sunt ut corporis possimus adipisci quam. Corporis et nulla et voluptatem molestiae. Eius voluptas optio et perspiciatis exercitationem porro culpa. Consequuntur et molestiae rem quia praesentium.', 'Assumenda vitae non quidem iusto dolor ut nihil reiciendis. Enim quia optio odio aut repellendus eum enim. Quo inventore consequuntur quas voluptatem eos pariatur pariatur. Odit sed earum et.\n\nIn sapiente incidunt tempora totam cumque omnis soluta. Ea minima rerum et atque. Sint occaecati earum in voluptatem nesciunt placeat. Vero ut cum assumenda voluptatem ex dolor minus.\n\nTotam doloremque labore atque eos. Culpa et sed neque consequatur dicta magni tempora. Temporibus animi voluptatem occaecati nisi dolorem nihil explicabo. Facere qui asperiores laudantium et libero et quo.\n\nAspernatur incidunt numquam sunt cum explicabo ipsa. Consequatur aspernatur illo ad. Atque quia dolorem officia sit.\n\nEa architecto pariatur illo est minima quia labore. Ab laborum ex incidunt expedita asperiores ipsum vero. Optio aut autem ad quisquam.\n\nNeque est et quisquam quis aut. Maiores nihil ut voluptatem doloribus maxime. Incidunt et autem sint iusto odit ullam omnis.\n\nRerum dolore dolorem sit. Omnis voluptates ea eaque consequatur doloremque. Architecto aspernatur sint dolore rerum distinctio eveniet et. Natus odit beatae minus molestiae ipsum.\n\nNemo ex eveniet et sequi quis aut. Ea quasi et ut harum sequi. Dolorem voluptas eos expedita id consequatur ullam assumenda. Fugit necessitatibus nobis laudantium sunt ab aut a consequatur. Aut ratione repellat est.\n\nQui saepe sed est ut nemo dolor nesciunt. Doloremque ratione sed qui maiores incidunt. Ducimus mollitia illo et ut excepturi. Et aut dicta ullam possimus omnis.\n\nCupiditate sapiente quae modi numquam. Qui deserunt architecto molestiae saepe. Voluptatem totam sequi fugit ipsam et facere.\n\nRerum qui quia rerum cum nostrum aut. Maiores magni dignissimos tempore accusamus. Necessitatibus sunt similique a sed ut voluptatem facere. In culpa itaque reprehenderit qui neque delectus. Maiores qui qui saepe perferendis quaerat accusamus velit.\n\nLabore voluptatibus ex distinctio maxime aliquid quidem nisi. Accusamus maiores nostrum aut maxime consequuntur corrupti. Consequatur et quis sed quas quia totam quia.\n\nPraesentium fugit distinctio et perspiciatis aut consectetur. Exercitationem in similique occaecati ea quas sint assumenda. Asperiores repellendus labore reiciendis omnis aut non. Deserunt reiciendis error dolor illo iste. Iure magni quod ab.', 'saved', '2020-12-13 11:30:14'),
(286, 112, 162, 'Hic qui eum facere asperiores itaque aliquam.', 'In consequatur quo voluptatum fuga. Adipisci soluta atque eos tempora commodi quidem dolor. Delectus molestiae et magnam est perspiciatis perferendis.', 'Sequi accusantium vitae velit itaque iste accusamus. Quidem omnis dolor dolores eum voluptates. Totam libero quae sit porro deleniti dolor dolorum.\n\nQuis nemo omnis voluptas sed. Esse magnam optio aperiam dicta facilis dicta necessitatibus. Error voluptas repudiandae aut tenetur ad repellendus. Repudiandae placeat mollitia velit non. Non beatae molestias ad magni.\n\nQuasi itaque et numquam eaque error aut libero. Dolorum ab unde doloremque incidunt corrupti consectetur laudantium. Accusantium veniam quisquam animi aspernatur consequatur ratione nobis. Sequi tenetur autem necessitatibus accusamus eum.\n\nAsperiores quia quibusdam quo id nulla. Eveniet voluptatum minima unde. Esse cupiditate ea quisquam voluptatem. Doloremque quo similique amet vel autem dolorem ducimus.\n\nConsequatur ullam et perferendis ut ut. Harum dolorum animi et qui officia. Repellat et deserunt eveniet provident et. Velit ducimus aut magnam quod. Doloremque nobis illo eos voluptatibus voluptates ut commodi.\n\nOfficia voluptate sunt aut fugit rem perspiciatis modi. Aut ut eos incidunt aut. Incidunt sed tempora rerum nulla aliquam dolorem.\n\nOdio labore enim laboriosam et deserunt. Ipsa repellendus voluptatem sit quae voluptatem est ab. Accusamus molestias repudiandae quo recusandae rerum veritatis. Accusamus aspernatur maiores minima rerum soluta.\n\nQuo quia sit officiis impedit. Cupiditate eos quis laudantium modi. Necessitatibus quasi eos necessitatibus quidem. Doloremque et doloremque aut vitae.\n\nNatus doloribus et commodi. Quae et vel et occaecati qui eaque. Aut deleniti facere excepturi unde quo autem aut et.\n\nDeleniti beatae iure eaque qui. Libero tenetur vero fugiat et eaque veniam. Enim a ut aliquid maxime minus adipisci magni et. Ut nihil perspiciatis eos eveniet non.\n\nAd quia consequuntur sequi ipsam dolorum saepe et. Et rem sed minima consequatur rerum ipsum. Nihil distinctio tempore provident nisi.\n\nQuis voluptatibus qui esse at vero. Similique eum et facilis et.', 'saved', '2012-11-17 15:32:54'),
(287, 105, 164, 'Sunt blanditiis velit laborum qui suscipit amet.', 'Hic quis voluptatem et enim odio incidunt maxime. Placeat nihil molestias earum qui non. Fuga magni voluptas eveniet nam sapiente. Harum labore numquam dolor repellendus officia qui. Quibusdam fugiat blanditiis earum est quasi.', 'In harum ullam sunt porro rerum earum. Tempore illo odio ex dolores magni optio saepe. Modi rerum et officiis fuga eos temporibus et.\n\nAut soluta quidem voluptatem aut est. Doloribus sed dolores quae maiores consequatur suscipit quas. Tempora quia sint illum nihil nulla officiis. Adipisci odio ipsum quasi et.\n\nTempora voluptates aperiam rerum voluptatem provident dolores. Est atque in quos ipsa quasi aut. Veritatis est minima vitae voluptatem deserunt qui.\n\nQuia et nostrum itaque voluptatum laudantium quibusdam beatae. Odit perferendis at voluptatem quia in iure. Dolore libero quas aut maiores placeat deserunt dolor. Necessitatibus ut suscipit omnis ut sint.\n\nQuam soluta ratione aut dolore rem. Error ex reiciendis mollitia placeat aut voluptatem. Recusandae voluptas dolor repellendus qui quaerat. Est natus veritatis unde temporibus.\n\nItaque fugiat vitae quidem est deleniti autem. Omnis quia voluptatibus aut et. Voluptatibus ea velit minima illo exercitationem ipsam sed. Rerum consequatur nisi dolore.\n\nAut aperiam molestias delectus voluptate aut. Aut ea nesciunt debitis repellendus qui voluptas. Consequatur consequuntur delectus dicta perferendis. Sunt maiores velit quibusdam.\n\nUt corporis quisquam rerum excepturi et. Dolor expedita dolor dolorem repellat numquam. Id voluptates autem tempora quasi placeat ipsa sed. Ipsam aliquid explicabo quia dolores.\n\nOptio vitae facilis nostrum provident ut. Unde tempore consequatur exercitationem ipsum rerum error. Voluptas corporis assumenda exercitationem atque eos.\n\nEt consequatur provident ut nulla vitae suscipit. Dolorem et beatae id officia rerum autem necessitatibus in. Assumenda et quas dolore quia aut iure.\n\nLaudantium voluptas libero aperiam quibusdam asperiores commodi beatae. Totam qui expedita in. Ipsa ut vitae inventore tenetur nam minima.\n\nAt doloribus minima expedita. Rem eveniet in illum cum. Qui iure molestiae eaque adipisci modi eum necessitatibus.\n\nRepellat assumenda debitis quis quis odio quo occaecati. Est facere quia nostrum quo rerum aut. Tempore libero totam dolores iure accusantium maiores nesciunt. Doloremque officiis numquam sunt voluptatum ipsum quia.\n\nUllam possimus unde quam eos. Sit deleniti amet saepe magnam voluptates dicta. Sit maxime accusamus occaecati autem ab id.', 'posted', '2018-03-23 18:49:12'),
(288, 111, 159, 'Ab et possimus corporis sit dolorem.', 'Maxime amet deserunt nihil rerum consequuntur et tempora ipsa. Eum qui quos voluptatem non. Sed quod vel eius. Alias quia sed in voluptatem et est molestiae.', 'Quis architecto aut sit sit sed veritatis. Omnis rerum commodi aut odit et corporis. Quam aut est debitis et dolor corrupti adipisci. Accusantium magni eaque minus nesciunt qui architecto.\n\nNostrum voluptas doloribus dolorem ratione unde cumque. Id error ut quo ab. Nihil culpa veritatis dicta aliquid commodi aliquid est.\n\nSunt aut consequuntur aliquam quidem. Est doloribus voluptates hic qui cupiditate quibusdam. Corrupti incidunt quo possimus perferendis eum accusamus. Cum et et in impedit.\n\nNihil illo dolor distinctio aspernatur enim voluptas a. Quia aspernatur repellendus voluptas itaque omnis officia earum. Et aspernatur architecto recusandae odit nemo ea voluptatem. Dolorem atque facilis sint ut aspernatur sapiente officia totam.\n\nRem veniam quia magni magni. Cupiditate officiis libero autem repudiandae animi. Accusantium at itaque aut et repellendus qui.\n\nAnimi sint sed iste placeat est quo iste. Dolore qui quasi enim. Qui culpa occaecati error aliquam.\n\nPlaceat voluptatem odio veritatis minus ipsum omnis. Nisi odit a porro cupiditate voluptas nihil. Facilis numquam ut autem facilis. Fugit tempore placeat quia vero et enim.\n\nEa velit ad similique suscipit saepe. Provident consectetur esse exercitationem nostrum deleniti asperiores. Nihil odio recusandae delectus ipsum corporis possimus nemo.\n\nAccusamus tempora voluptatem aperiam. Maxime ipsum enim perferendis ab minima est. Sed a et est adipisci minus quia.\n\nVoluptatum illo velit neque. Sit possimus dicta delectus repudiandae vel illo laudantium repudiandae. Dolorem in id beatae accusamus et dignissimos ipsum voluptatibus.\n\nUt ea dignissimos incidunt culpa ut sed architecto modi. Itaque dignissimos fugiat eveniet ipsum. Et facere ratione iste non consequatur.\n\nLibero tempora distinctio et porro. Occaecati id magnam iure aliquam. Vero voluptas eligendi nulla non nam fugit voluptatem magni. Et et blanditiis in ut itaque fuga.\n\nSint occaecati culpa dolorum accusantium velit autem. Aut excepturi veritatis nostrum hic eos cupiditate. Corrupti quibusdam asperiores est quod.', 'rejected', '2012-04-11 01:24:17'),
(289, 112, 156, 'In molestiae et eius delectus voluptatem mollitia distinctio.', 'Quod quam maxime placeat laudantium dolorum dicta. Dolorem quisquam ex perferendis. Vitae nobis ut fuga labore.', 'Ut sint qui nesciunt optio. Totam in rerum vitae et. Cum sit ratione ut voluptates. Est unde sit consequatur neque rerum id.\n\nRerum quasi ipsam ea ea aut. Unde corporis voluptatibus architecto quidem temporibus. Officia blanditiis quia rem tempora. Facere sit est consequatur minus assumenda.\n\nQuasi architecto consectetur unde sequi tempore et repellendus. Similique voluptas provident deleniti fugit est. Aliquid repudiandae ex perspiciatis eos aperiam. Qui molestias error laudantium tempora et facere. Eum facilis ad eius atque ipsam voluptatem.\n\nQuibusdam nesciunt tempore repudiandae consequatur quidem sunt suscipit. Omnis sunt culpa quam sit. Beatae quaerat porro harum sunt iste facilis adipisci consequatur.\n\nOmnis reiciendis ut non impedit ut. Non et facere voluptatem rem.\n\nAccusantium et explicabo earum consectetur. Voluptatem neque ut repellat. Ut quam nulla accusantium ut magnam.\n\nAssumenda in dolorum et consequatur quia asperiores. Aspernatur veniam voluptatem aut sint fugit. Facere voluptatibus illum dolor.\n\nCommodi dolores id rerum voluptas explicabo. Nobis veritatis earum aperiam eos exercitationem optio pariatur. Id odio enim occaecati repellat qui magnam. Nulla vero fugit sed quam non perspiciatis. Rerum beatae libero voluptatem non.\n\nQuo voluptate temporibus recusandae iste vitae. Quia excepturi magni necessitatibus id harum facere. Nemo enim explicabo voluptatibus. Vel nihil beatae eum consectetur et libero repellendus perspiciatis.\n\nVitae corporis vel non expedita voluptate eum. Corrupti tempore quo ut perspiciatis voluptatum. Iste rem voluptas numquam et.\n\nEst molestiae accusantium rerum dolorem eum in ducimus quis. Ipsam nesciunt quis sed eum debitis ratione. Est voluptatem saepe laborum est.\n\nOmnis velit eum officia impedit nobis. Sapiente magni quae deleniti deleniti et commodi. Corporis amet accusamus accusamus eveniet omnis excepturi aut.\n\nVoluptas magni ab earum molestiae illo deleniti aut quia. Aspernatur quis modi maiores vel iure. Vero in iure dolore nesciunt distinctio ratione architecto.\n\nIncidunt nostrum facere aliquid et aperiam molestiae aspernatur. Voluptas vero rerum tenetur assumenda rem. Dolores libero aut culpa eius.', 'posted', '2017-12-13 17:32:04');
INSERT INTO `posts` (`id`, `author_id`, `category_id`, `title`, `description`, `content`, `status`, `date`) VALUES
(290, 114, 162, 'Et voluptatem omnis blanditiis explicabo aperiam.', 'Natus earum inventore quia est rerum aut. Maxime eveniet tempora laudantium. Blanditiis maxime cum ea quasi dolorem. Ea facere tempora dolores dolorem atque qui animi.', 'Repudiandae fugit neque consequatur labore quia voluptas ipsa. Quia hic sint ut vero vero autem et voluptatem. Id beatae odit dolorum. Assumenda reiciendis ut natus voluptas.\n\nDolorem ipsum sit velit expedita repellendus. Rerum id ut quia facilis aperiam. Dicta quos aut maxime voluptatem harum ullam.\n\nAspernatur praesentium necessitatibus aliquid modi non nihil. Qui modi officia dolore. Voluptate non sunt animi et ut. Tenetur sint autem cupiditate doloribus illum. Impedit laborum eos et consequatur.\n\nDebitis ea animi et sit fuga labore nihil. Necessitatibus debitis rem excepturi sit consequatur. Quia maiores voluptates dolor iusto aut.\n\nEarum perspiciatis illum officia. Quisquam dolor esse quia quaerat qui neque eum. Saepe sint sed sit voluptatibus. Laboriosam iusto aliquam voluptas excepturi quidem.\n\nVoluptatem nulla nesciunt est minus aut ullam sed. Tempore facere vel error dolorum consequatur reiciendis. Et deleniti expedita unde itaque non id exercitationem. Sed est dolor nulla ut accusamus.\n\nSunt exercitationem quia beatae omnis dolorem ea quos aut. Molestias animi libero earum quisquam. Nihil ut minima officia temporibus vel sint autem itaque. Alias maxime cumque similique libero nesciunt veniam dolor.\n\nVoluptatem laudantium sed nemo corporis ipsam porro totam. At totam quod aut dolor. Quia repudiandae est temporibus et aperiam harum ducimus aliquam.\n\nPariatur voluptas vel eveniet tempora nam consequatur eum. A provident voluptatum consequatur est veniam quis provident. Veritatis voluptatem ratione sint hic necessitatibus et ipsam voluptas.\n\nVoluptatum blanditiis ut repellat a. Dolorem nam fugiat laboriosam quia molestiae ea id. Culpa qui suscipit molestiae id.\n\nFacere voluptatem quos tenetur iste maxime. Et ut omnis distinctio cum veritatis aut est. Aut quis eum atque. Et amet dolor corporis qui dolorum non.\n\nLaudantium consequuntur sit et quo et temporibus. Expedita officiis sit tenetur sit aut atque possimus. Debitis sunt nihil vitae impedit. Et voluptatibus doloremque eos ea voluptas vitae nam.\n\nAssumenda dolor qui sed fugiat. Eveniet quisquam ratione qui qui sapiente consectetur. Et ex fugiat saepe vel optio qui et adipisci. Aliquam ea ullam odit nostrum eos quia quidem.', 'posted', '2020-07-02 16:30:21'),
(291, 112, 159, 'Qui quo sed vero iste ea deserunt.', 'Temporibus soluta modi earum accusantium praesentium. Quae qui inventore distinctio facilis qui magnam. Vel voluptas magnam nisi dolorem nostrum. Optio ut beatae dolor cum. Qui adipisci ea est.', 'Saepe et temporibus est nihil. In dolorem debitis ut optio est sunt. Commodi eaque repudiandae non accusamus autem est recusandae. Sunt incidunt a iusto et. Pariatur aut repellat culpa quo culpa.\n\nNemo ea nihil inventore dolore nihil. Et quo dolorem quibusdam quia tempore quam. Sed aut accusamus officia fugiat. Illum consequatur ipsam sequi aspernatur veritatis perferendis beatae. Occaecati nulla nobis quos nulla unde qui rerum.\n\nEt laudantium nesciunt sed iure incidunt veritatis. Repudiandae ut quas consequatur voluptatem ratione sed. Repudiandae deleniti ut enim et eius laborum.\n\nVoluptatum aut dolorum iure magnam commodi itaque culpa. Ea qui at amet non ut error quo. Itaque ex iure et sed vel qui veniam. Impedit facilis et eum dolore voluptas autem.\n\nEum nam quod itaque qui. Tenetur magnam voluptatem doloribus eaque facilis. Autem dolore alias repellat placeat atque autem et.\n\nIpsa ab in voluptatibus voluptatem quod. Quasi reprehenderit omnis et aut. Ipsum earum illo voluptatem qui numquam. Possimus delectus minima sed repudiandae.\n\nTempore quisquam voluptas consequatur illo. Voluptatem voluptas eaque nulla quia repellat harum. Ut iusto quis debitis voluptas quae illo ab. Eaque facilis voluptatibus amet voluptates.\n\nDoloribus voluptatem quibusdam deserunt consequatur eum neque. Iste neque velit ut sed.\n\nAliquid doloribus sunt dignissimos libero. Aut provident vel reprehenderit dolores nihil et illo. Voluptatem et sequi corrupti eius vitae.\n\nEos labore minus quaerat sit. Eaque eum voluptas numquam aperiam dolores veniam enim. Illo ad animi deserunt qui.', 'saved', '2016-12-10 02:50:43'),
(292, 108, 161, 'Non est sunt exercitationem animi molestiae reprehenderit.', 'Veniam nam nobis quo itaque reprehenderit. Excepturi qui alias voluptas eos. Et soluta reiciendis iure dolorem dolorem. Modi ut sit distinctio iusto sunt perferendis accusamus.', 'Perspiciatis porro et numquam quas. Aut nisi facilis sint nostrum ad repudiandae voluptate. Qui quis delectus rem reiciendis eum. Molestias porro quo eaque necessitatibus quia illo et.\n\nUnde dignissimos unde nemo quis mollitia. Quaerat eum quos dolorem ea ipsa non. Sunt voluptatem aspernatur beatae veniam repellat itaque corrupti. Quisquam reprehenderit expedita provident et repellendus qui dolorem.\n\nAutem omnis provident voluptatum enim inventore quo dolorem laboriosam. Recusandae distinctio sit non. Sapiente cum tempore vel aspernatur eum ipsam. Qui corrupti itaque consequatur molestias voluptas id.\n\nInventore occaecati iste quia consequatur. Velit aut illo minus. Et eos eaque molestias autem consectetur consequatur perferendis. Libero ad autem qui commodi.\n\nNon non qui hic illum nesciunt ut quae. Tenetur consequuntur inventore impedit culpa doloremque. Omnis quo esse eum vero ad est. Nam error ipsam ex.\n\nVelit eligendi eum ratione perspiciatis possimus. In est veritatis nostrum consequuntur sequi. Nisi ea velit suscipit praesentium qui eum eum.\n\nNesciunt commodi quae perspiciatis facere ex. Incidunt magni deserunt et ut amet. Saepe dolor dolores nostrum natus molestias.\n\nTemporibus officia repellendus veniam corrupti similique ut. Ullam velit sunt quo magnam dolores ipsam omnis quaerat.\n\nDolor accusantium dolorem incidunt architecto vel eveniet et et. Blanditiis nostrum minus voluptas corporis impedit voluptas sint. Rerum aut aut nihil qui id quam est autem.\n\nEnim beatae unde nam repellat ea. Voluptates qui non ad necessitatibus excepturi inventore assumenda. Eos vero quidem alias ipsa ducimus. Omnis sed nostrum nesciunt officia placeat eum dolorem.\n\nRem aut cum rerum tenetur. In eveniet enim repellendus qui. Atque labore enim autem. Recusandae impedit libero ut cumque et.\n\nImpedit sit officia voluptatem at hic dolores cumque voluptatum. Tempore aut tenetur perferendis ut. Ratione laboriosam nisi reprehenderit perferendis.\n\nSit rerum molestiae et velit et ipsa eveniet. Et fugiat officia incidunt et et autem debitis atque. Sint magnam provident non consequatur ratione. Ratione maxime dicta quidem.\n\nDelectus quia iusto corporis et ea nemo id facilis. Illo corporis et et et laudantium id eaque. Reprehenderit asperiores minima alias dolores eos harum repellat dignissimos.', 'inprocess', '2014-08-16 22:36:15'),
(293, 108, 156, 'Sit id possimus nam vel facere ut eos.', 'Ab sint nobis quia rerum modi nihil. Blanditiis modi quasi minima delectus repellendus voluptatibus nihil. Maiores ut provident earum qui. Veritatis sed non suscipit sint voluptatem. Ea at delectus et totam.', 'Quia consequatur labore facilis delectus. Cupiditate eos dolore laboriosam at et sed ad.\n\nNumquam quam et est enim. Asperiores corporis similique rerum corrupti et voluptatem. Et soluta illo modi possimus neque.\n\nFugit ut possimus porro placeat aut. Quo quidem porro possimus iusto quo voluptatem.\n\nSed qui enim officiis doloremque eos. Perferendis quam deleniti assumenda itaque enim. Dolorum est recusandae nisi aut. Quos est laboriosam fugiat molestias earum et quas.\n\nVoluptate rerum id molestiae. Illum unde omnis quam sit voluptatem. Eos qui sed enim magnam enim ullam. Fugit occaecati ut blanditiis et molestiae vero.\n\nVero et suscipit ut illo quis laboriosam nulla. Non consequuntur quibusdam cumque provident modi et. Id molestiae corporis magni inventore culpa est.\n\nAd sit eius molestiae. Fugiat impedit deserunt et dolores. Consequatur blanditiis vel dolor quisquam animi.\n\nEnim ex quas dicta dolorum aut ut consequatur. Aut et deserunt optio. Doloribus ea et veniam sequi est id. Ut aut odio ullam ipsa. Sint delectus neque maiores laboriosam ut ut.\n\nIn at recusandae voluptatem. Similique earum ut ratione explicabo aut. Tempora quidem labore quidem omnis occaecati ad. Sed est enim ab.\n\nEt tempore voluptatum quidem fuga et deleniti excepturi. Quia non possimus qui et. Qui sit esse et at odit.\n\nNobis quam distinctio quia sunt nulla. Impedit eos accusantium sed consequatur. Eligendi ea sint aliquid quia voluptas. Pariatur voluptatem nulla consequatur dolores quae quam.', 'saved', '2011-05-31 15:32:22'),
(294, 108, 158, 'Dolore et est et cupiditate.', 'Quia nobis consequatur ad perferendis ut et. Nulla consequatur consequatur iure distinctio natus asperiores. Porro quam saepe inventore cumque. Consequatur iure illo quo iusto laboriosam dolorum.', 'Est temporibus quam eum officiis consequatur quo. Ullam iure id est labore odio ut ex. Maiores in aut illo consequuntur tempore.\n\nUllam non optio laborum necessitatibus quos. Dignissimos minus quo qui impedit sed. Ut totam deserunt sit et eveniet quae. Id assumenda sint quasi voluptas explicabo nesciunt optio ut.\n\nIllo vero totam tempora at cumque aliquam. Voluptas aliquam nihil voluptas qui aut commodi. Praesentium repellendus omnis accusamus tempora.\n\nQuae deleniti architecto culpa error sunt. Voluptas tempore rerum odio ut laboriosam nihil. Et ad incidunt laudantium in perferendis. Quia optio aut dignissimos dolor placeat impedit eum.\n\nQui et veritatis et omnis consequuntur est. Deserunt eius et non quia animi et perferendis. Similique qui fugit enim quae. Animi aperiam qui voluptatem eligendi quaerat iste odit voluptates.\n\nOmnis ea distinctio recusandae ea incidunt possimus. Aut ducimus praesentium voluptatem aut accusamus dolorem. Reprehenderit totam quia at veniam at dolorem. Et sunt nobis sint est adipisci ut suscipit.\n\nDelectus repellat dolorem molestias nulla quasi saepe. Inventore et placeat libero aut eum temporibus maiores. Id eum quam nam odio fugiat.\n\nOdit quibusdam eaque minima consectetur voluptas dolorum esse sapiente. Deleniti aut quo quis ut est ut est. Et magni ut quo possimus nihil perspiciatis. Ut at qui et voluptatem qui nam.\n\nQuaerat in voluptatem harum nam. Accusamus ducimus error corporis. Pariatur dolores tempora sit et.\n\nAdipisci tenetur ipsam vitae fuga similique aut voluptatem et. Dolores sint consequatur voluptatibus. Nihil voluptas velit reiciendis et et.\n\nEt numquam labore enim saepe. Nam tenetur incidunt quidem nulla unde. Consequuntur animi sequi et. Unde laborum nobis ut magni autem alias deleniti.\n\nSapiente molestiae dolores velit et. Voluptas aliquam deleniti cumque sed maiores quaerat aliquid. Et non molestias quia maiores quo. Nam fugit officiis aut adipisci facilis. Dolore temporibus occaecati nobis dolor sit explicabo explicabo.\n\nConsectetur laudantium dolorem possimus dolore quasi. Sunt iure et et est sit animi. At quis animi recusandae error.\n\nExplicabo ducimus ut suscipit consectetur. Recusandae unde quas doloribus. Velit voluptatum dicta sunt voluptas assumenda rerum. Unde qui pariatur et minima et dolor incidunt.\n\nNumquam ut eum dolore nihil officia iusto eos quis. Molestiae voluptates praesentium sequi facere qui incidunt. Odit vel perspiciatis asperiores nam. Labore laborum quo error rerum.', 'saved', '2016-02-13 07:37:25'),
(295, 110, 162, 'Ad iure voluptatem corporis repellat dolore.', 'Dolorem recusandae eum aliquam eos ut. Molestiae ut soluta ut ipsa sunt. Dolor qui repudiandae repudiandae porro dolores perferendis.', 'Quia esse nihil ex. Rerum adipisci vel non sed illum quasi repudiandae. Aut necessitatibus reprehenderit molestiae ad consectetur accusantium velit.\n\nAb velit excepturi et tenetur. Quibusdam quisquam qui sed rerum laborum. Quia minus laudantium nulla consequuntur ratione est.\n\nAd sunt dolorem quidem dolore optio. Expedita consectetur laudantium voluptatem id ea repudiandae voluptatem iste. Provident provident et laboriosam incidunt ea. Vitae perferendis vero est voluptate id odio voluptatibus. Excepturi mollitia id qui omnis dolores asperiores sed.\n\nVoluptatem modi commodi in atque dolore. Sit deserunt cupiditate dolorum quam quo. Fugit nesciunt quia dolores nihil sed. Officiis quae officiis provident nemo quo doloremque eius.\n\nVoluptatem quisquam repellat qui voluptas quasi sed aspernatur illo. Molestiae assumenda repellendus et sint laudantium voluptas adipisci. Doloremque odit quia doloribus suscipit aut dolorem enim.\n\nEt officiis quam aliquid libero in. Cumque repellat cumque perferendis omnis odit. Quasi consequuntur magni vel est nostrum fuga.\n\nUt et consequuntur aut aperiam amet alias corporis voluptas. Quis et laborum voluptatem non. Optio consequatur quia recusandae totam alias accusamus.\n\nEst voluptatum ut aliquam cupiditate ad. Ut quam itaque dolores vitae doloremque culpa et. Eum fuga quo quisquam et quo.\n\nAb harum eum aut autem libero adipisci. Ipsum est aut quidem eos et impedit praesentium. Accusamus qui dolor possimus repellat sed dolorem deleniti. Ratione sunt maxime voluptatem sunt facere voluptatum dolorem.\n\nOmnis accusamus rem exercitationem. Reiciendis quidem voluptatum quia sed consequuntur est suscipit. Quo voluptas molestiae doloribus. Voluptas voluptates cum molestias quae dolores dolor.', 'posted', '2014-09-17 20:41:51'),
(296, 112, 156, 'Qui tenetur sed ut magnam dolor.', 'Nulla odit corrupti dolorem velit. Similique omnis sed iste odio autem unde cupiditate. Saepe laborum quidem sunt omnis fugiat minus velit vero. Voluptates molestiae dicta doloribus. Illum est et dolorem corrupti rem.', 'Vel ut dolorem voluptatem sit. Sapiente incidunt est ut aut aut quidem fuga id. Earum ut praesentium optio aut sunt iure. Enim voluptatem a officia est. Libero dolorem tenetur voluptas ut.\n\nVoluptas laudantium expedita dolores quo. Voluptatem nesciunt ducimus omnis est aut. Ab cum sint quis sapiente voluptate commodi vitae. Rem voluptas non consequatur eum cupiditate iste.\n\nEt qui ratione nisi rerum. Nisi dolor sed aut. Voluptatibus voluptas sed eveniet quod minus. Temporibus et natus est architecto.\n\nAmet suscipit accusamus maxime sit placeat. Quia natus sed id vel.\n\nCupiditate quo doloremque ratione dolores in. Vitae dolore adipisci qui repudiandae aut doloribus sit. Consequatur et dignissimos provident doloribus enim est. In eum cupiditate asperiores accusamus nisi dolore quos dolor.\n\nSapiente cumque ab minus similique. Enim explicabo et sed ipsam deleniti sequi adipisci. Voluptas sequi reprehenderit et accusamus. Blanditiis consectetur deleniti officiis atque molestias.\n\nMolestiae non accusantium et perspiciatis corrupti quis. Soluta deleniti assumenda nesciunt. Officiis vel corporis aperiam error.\n\nDoloremque et et quis maiores est. Quia voluptatem incidunt qui quia ea facere. Quis excepturi quo et ut voluptates doloribus est. Quia error rerum sint similique quam.\n\nEarum culpa est a quam. Quis et sapiente nihil qui velit in corporis. Quis et voluptatem dolorem dicta. Cumque molestias et illum odio qui ipsa iusto molestiae.\n\nAnimi repudiandae dolore natus voluptate quos ab. Dolor perferendis sit repellat sint non esse. Exercitationem neque architecto sed. Nulla hic quisquam consectetur ducimus est.\n\nEt eaque quo et qui optio laudantium ullam et. Explicabo modi dolorum est reprehenderit quos quos. Dicta fuga cum delectus. Voluptatibus eius excepturi molestias.\n\nQui cum neque accusamus libero dicta rerum. Eos qui quod libero repudiandae sint vel. Dolores sit veritatis expedita eaque. Repellendus eos et repellendus.\n\nAd aut qui sed nam doloribus. Voluptas sit id omnis. Dolores est enim facilis fugit perspiciatis explicabo ea reprehenderit. Qui fugiat accusantium et quas beatae pariatur qui.', 'posted', '2016-04-20 23:53:17'),
(297, 109, 161, 'At impedit facilis molestiae non amet rerum dolores.', 'Quis sint ad quod non illo sunt sed. Est qui non sit tenetur fuga. Exercitationem voluptas ratione repellat expedita impedit.', 'Ut vitae sed id voluptas voluptatem voluptates saepe. Ab ratione quia sit eos aliquid sint placeat.\n\nEst sapiente et ipsa omnis. Consequuntur accusamus consectetur quos deserunt molestias et earum nostrum. Sit a recusandae ut possimus adipisci nam. Ratione quas suscipit ut odit ea et.\n\nDistinctio explicabo rerum voluptatem eos ullam rerum. Repudiandae voluptates fuga eius asperiores omnis. Deleniti fugiat voluptatum ea quibusdam qui soluta quibusdam.\n\nEt nobis alias rem architecto in molestiae omnis. Quidem et adipisci odio qui. Ratione quo possimus maxime iusto reiciendis.\n\nAliquid consequatur dolor repellat non sed. Expedita quibusdam qui aut voluptatem. Debitis voluptatem unde quos facere distinctio. Pariatur at omnis possimus cum quasi. Sint non officia asperiores et voluptas ab sint.\n\nEt rerum voluptatibus tempore atque dolore officia. Consectetur non doloremque aut suscipit quidem iusto sit. Doloribus doloribus repellendus optio aliquid. Corrupti ut id ex error quidem ut explicabo eius. Consectetur optio molestias delectus autem ipsum.\n\nAperiam accusantium veniam aut assumenda et officia tenetur. Ratione consectetur eum nulla eligendi ut. Consequuntur recusandae expedita unde quae odit fugit repellat.\n\nDolorem dolores magnam aperiam voluptatum. Voluptatem minus laudantium itaque dolores explicabo tempora. Ab sed sint et tempora. Fuga repellendus qui debitis est fugit omnis mollitia sit.\n\nRecusandae hic minus sit a reiciendis modi. Cumque officia architecto et facilis. Dolores aperiam ut nesciunt.\n\nExplicabo voluptate tempore reprehenderit. Temporibus non et dolor incidunt. Repudiandae alias occaecati ratione eos. Mollitia officia sunt ut et aut itaque voluptas voluptatibus.', 'posted', '2016-10-29 16:40:40'),
(298, 113, 161, 'Temporibus deleniti aliquid exercitationem.', 'Perspiciatis blanditiis ut voluptatem ut voluptatibus officia eveniet. Ut et reiciendis adipisci rem natus ipsum. Sint odit quisquam eum itaque autem occaecati sit.', 'Iste sint dolorem alias. Fuga delectus nobis nesciunt quo sint sit. Eum eos itaque exercitationem sint.\n\nMolestiae odit sapiente aut soluta necessitatibus. Pariatur praesentium dolor iusto nam nisi. Non commodi aut rerum qui aliquid est. Esse praesentium ut et earum.\n\nEst vero ut delectus eum ipsam laudantium. Aperiam quis nesciunt nisi corporis. Laboriosam placeat voluptas doloribus provident.\n\nHic necessitatibus voluptates dolores eius ullam ad incidunt. Aperiam rem at quaerat atque sit illum repellat. Maiores rem incidunt ea et et quasi nisi. A aspernatur quibusdam sint officia voluptatum.\n\nFugiat et et praesentium nesciunt voluptatem. Natus sint autem in molestias ullam perspiciatis rerum. Sit eos quasi repudiandae.\n\nAdipisci quaerat dicta aperiam et at omnis. Est repudiandae laborum dolores. Molestiae placeat tempore facilis sapiente officia ut quae. Aut porro nesciunt nostrum perferendis aperiam vel. Ab nemo quidem earum quisquam magni deserunt.\n\nNihil quo incidunt dolores illum dolore. Et mollitia odio qui quia vitae omnis odit. Facilis reiciendis voluptatem cupiditate dignissimos rem. Culpa hic impedit nostrum rem non.\n\nAb ut repellendus optio optio eos nam possimus. Veritatis voluptatem inventore qui a blanditiis sed accusamus. In voluptas aut doloremque quia dolorem.\n\nSed in accusamus maiores quaerat cum. Suscipit aperiam voluptatem tempore nostrum. Ut molestiae assumenda officia nulla dignissimos. Quibusdam totam labore voluptatum et illum repudiandae rerum.\n\nVeritatis dolor nostrum amet consectetur. Cupiditate in aut rerum dolorem voluptas ut. Esse enim qui natus voluptatibus incidunt ad.\n\nAut est dolore non magni autem a. Velit et nulla omnis blanditiis odit est quas. Et reprehenderit dolore ratione quia aut reiciendis corporis.\n\nQuo a quia dolor est aut. Nobis quis fugiat et perferendis et a error nesciunt. Ipsa et sunt culpa saepe sed eos. Molestiae voluptatem eum aut quod eum nostrum et.\n\nOdit eos voluptatem eum vel ab esse. Autem nulla sint et amet numquam quam rerum. Delectus quam est iure reprehenderit.', 'posted', '2018-06-09 21:56:22'),
(299, 105, 158, 'Sed velit provident vel vel maxime in.', 'Velit sint veniam voluptatibus accusamus. Saepe dolores facere labore ut et. Laudantium distinctio nulla molestiae nulla itaque corporis at. Ut occaecati ducimus odit consequuntur officiis.', 'Qui quia explicabo illo. Sit adipisci sed perferendis et. Accusamus rerum magni sed dicta sint harum nam.\n\nOdio quod natus architecto itaque quis et. Ut temporibus dolorum iste delectus. Sed repellat in velit distinctio quaerat nihil eaque. Assumenda velit molestiae omnis tempore et ut explicabo iste. Odit dolorem est sed labore perferendis.\n\nVero autem deserunt et soluta perferendis. Reprehenderit ut cumque velit adipisci qui quia vel molestiae. Qui consectetur necessitatibus id aliquid omnis.\n\nFuga sequi sapiente qui ipsum earum hic. Et enim est deserunt animi. Omnis vitae rerum aut in quod adipisci saepe.\n\nNostrum quae rem corporis. Aut eaque sed quo reprehenderit iste sequi. Eligendi ut voluptatem quaerat voluptatem.\n\nExercitationem cupiditate voluptatem maxime illo qui sint. Odio ex distinctio officiis et quam. Illum dolorum ab omnis nulla et reiciendis sed.\n\nOptio molestias aut consectetur rem similique. Eaque dolores asperiores et officia voluptas consequatur rerum. Illum accusantium aut dolorem ex autem. Necessitatibus sit odio blanditiis.\n\nDelectus nemo est enim aut rerum ut culpa. Reprehenderit saepe est rem qui dolor. Quas itaque est vitae amet.\n\nMinus qui optio impedit sed dolores. Odio quibusdam voluptatum ut. Et natus est quam et dignissimos. Et consequuntur laborum in id autem quidem qui.\n\nUt placeat consequatur odit officiis est vero. Rerum et eum quis. Architecto facilis sit omnis itaque maxime odit explicabo. Aspernatur voluptatibus distinctio cum id quibusdam. Alias iste et quas veritatis quia iste earum quod.\n\nMagni est inventore et. Voluptatem quas blanditiis rerum error adipisci. Deserunt autem ut tempora libero. Tempora sint amet possimus earum non dolore.\n\nVitae excepturi molestiae quam quibusdam eum non eligendi. At ipsa et veritatis veritatis officia. Quas ipsa enim recusandae sed qui.\n\nVel illum explicabo non omnis provident omnis vel. Eaque nulla placeat sed. Quam a repellendus ut commodi aspernatur assumenda.\n\nUt dolorem dolore odit voluptatum. Excepturi quas sunt voluptatem voluptatem beatae. Nihil et sunt magnam atque optio voluptatem.\n\nOfficiis voluptatem laborum ut ut unde nemo. Maiores eum et tempore ut vel ut quia. Assumenda velit assumenda saepe officia.', 'posted', '2020-01-21 15:43:27'),
(300, 112, 162, 'Enim laudantium magni deserunt quo.', 'Velit qui sunt repudiandae. Consequatur corrupti voluptatem quo quas. Iste necessitatibus enim doloribus est atque ipsum. Molestiae ea eum quae ut.', 'Aut rerum voluptatum sint qui aut officia. Aut tempora suscipit sint fugiat in eligendi. Voluptates ullam veniam ut eum qui omnis. Autem odio ratione velit nostrum quidem.\n\nTempore aliquam nesciunt voluptatem vero asperiores quod voluptatem impedit. Quaerat est est et a.\n\nTotam quas quasi molestias quia illo illum. Ea modi ducimus alias sed. Minus ad recusandae quisquam.\n\nEos perferendis ab odio rerum nesciunt consequuntur. Iusto assumenda est vel. Autem sed quibusdam magni nesciunt molestiae. In dolor ut quasi enim qui labore.\n\nIste consequatur molestias omnis neque non id consequatur. Dolorem est nam et rerum excepturi. Recusandae consequatur non fugit quasi debitis. Nihil corporis minima non in distinctio maiores voluptatem nihil.\n\nQui nihil velit ut aut sed. Vitae sed reiciendis sit dicta. Dolorem atque accusantium officiis.\n\nAnimi aperiam quod sed tempore quae in. Est eum non fuga sit cum libero nam. Inventore aliquam ut assumenda dolor.\n\nRerum nostrum culpa ullam maiores nihil magnam maiores et. Explicabo velit id velit voluptatibus. Ea tempore eos ut inventore dolor.\n\nQuaerat facere qui similique voluptate modi facilis. Omnis voluptate quo et soluta nam vel illo. Sunt consequatur ut alias consectetur in dolores est earum. Eligendi necessitatibus eos pariatur qui.\n\nSequi quae saepe voluptatem nostrum. Asperiores doloribus ad totam et rerum mollitia. Deleniti officiis sequi ipsum et. Laboriosam in sunt praesentium consequatur et sunt et.\n\nIn est non dolores nulla harum perspiciatis sit. Iste sed expedita eum cumque et sit qui. Omnis dignissimos cumque est voluptas distinctio sunt. Est a qui laborum eos.\n\nEa ut quo eligendi tenetur a quaerat. Velit commodi quibusdam voluptatem veniam aliquam. Quo nulla nisi eos consequatur eligendi.', 'inprocess', '2014-05-30 18:41:26'),
(301, 106, 163, 'Eum ratione architecto magni assumenda quibusdam ut repudiandae labore.', 'Sit et necessitatibus iste quia ex. Et qui officiis ipsam et. Quis quas qui sunt ipsam. Ut est dolorem doloremque aut voluptas dolorum.', 'Doloribus consequuntur iure aut ea est magnam. Qui cum sed labore nam.\n\nEst deleniti iusto tempore enim fugit quia enim. Vitae vel et saepe cum ipsam aut nemo. Impedit qui nesciunt nesciunt ea libero laudantium. Id beatae odio occaecati enim. Non et et qui nemo.\n\nDolorum alias et qui sunt enim. Sint rerum a debitis ea. Quos est ut cum architecto. Repudiandae consequatur minus neque laborum.\n\nTemporibus repudiandae aliquam et rerum et temporibus voluptatem. Quia rerum fugiat dolore recusandae qui quia. Veritatis et quos magni facere.\n\nQui laboriosam est qui incidunt in et. Minus voluptas molestiae perspiciatis occaecati ut aliquid distinctio non. Culpa dignissimos non minus nemo. Voluptatem incidunt omnis dicta qui. Nulla dolorem consequatur qui tempore.\n\nLaboriosam corporis eum non aut amet. Aut praesentium quae repellendus ipsam ut architecto. Sapiente voluptatem et id in aliquid fuga magni magnam. Aut sit quis sint quis magnam enim.\n\nEa similique saepe beatae sint deserunt consectetur reprehenderit. Quis voluptate ut quisquam impedit accusamus culpa. Dolor aut laborum cupiditate sunt ullam quisquam. Quibusdam sunt molestiae expedita non sed.\n\nNobis necessitatibus fugiat quibusdam temporibus excepturi quia laudantium porro. Ratione necessitatibus minima rerum dolorum. Animi explicabo nihil totam sed et voluptatem non accusantium. Velit quis magnam qui ex beatae in.\n\nAut corporis facilis quidem tempore est molestiae minus. Qui ullam soluta sequi iure cupiditate voluptas consequatur. Consectetur eligendi quam fugiat doloribus porro consequatur laboriosam.\n\nBeatae occaecati commodi ullam odit et recusandae error. Delectus ea sint nam consequatur saepe. Nam nam ipsam qui laborum veritatis. Enim fuga inventore dolores. Est ex nesciunt voluptatem corporis nesciunt excepturi qui.', 'saved', '2016-09-14 20:15:58'),
(302, 114, 158, 'Voluptas consectetur quidem alias maxime magni sit est amet.', 'Et dicta odit est illum qui et ab. Sit nemo possimus enim. Voluptate explicabo dolore iure inventore illo.', 'Voluptatum nisi magnam soluta dicta. Aliquid velit quo quo et. Animi tempore qui tempore qui et. Nisi mollitia explicabo fugit earum nihil.\n\nFugiat illo repellat aut sit. Voluptas ut sit id qui.\n\nIllum ducimus aut harum omnis quo et numquam. Incidunt ex quis pariatur error alias. Quod est maxime id explicabo. Aut sint architecto voluptatum vero sed fugiat.\n\nSint qui ex sint labore recusandae repudiandae. Ratione repudiandae sunt sint consectetur explicabo doloremque perferendis. Modi mollitia eum corporis explicabo nesciunt nesciunt.\n\nPorro voluptate rerum libero corporis aut. Rerum perferendis quia earum itaque ut. At repellat placeat atque ut earum dolores ut. Est fuga et fugiat provident aliquam ut. Vel fuga adipisci dolore necessitatibus reprehenderit non.\n\nDolor dignissimos assumenda ut et. Voluptas possimus quasi ut quasi. Temporibus dolorem optio quas dolorum reprehenderit. Culpa doloremque culpa ex odio qui consequatur et.\n\nEnim commodi necessitatibus alias et officiis ut. Aspernatur qui illo impedit ipsa dignissimos. Est error quia suscipit quidem perspiciatis nostrum alias. Et magni voluptas voluptate.\n\nCorrupti dolorum voluptas ex. Aut reprehenderit repellendus non voluptas. Est voluptas accusantium provident impedit at aut deleniti voluptas. Maxime sed laboriosam itaque odio vitae occaecati voluptatem.\n\nIpsa placeat vitae omnis est est dolor quas. Aliquid reiciendis quidem at modi aut. Quia eveniet officiis quidem. Vel aut quos excepturi quos quidem.\n\nAtque occaecati ea qui. Nulla corrupti sed blanditiis maiores hic hic. Dolor voluptas est provident odio.\n\nQuisquam dolor magnam accusamus error aut qui sed. Aut atque porro qui et voluptas. Occaecati aut quos natus vel qui esse.\n\nAspernatur quia pariatur voluptatem ut sint odit. Doloremque quia ea quo saepe ipsa optio. Quo qui illum quae numquam. Amet harum eos in necessitatibus fugiat omnis fuga. Quisquam et sit ut.\n\nDolore sed autem delectus nobis aut quae. Ratione ducimus dolor sunt quidem. Rerum provident molestiae in et corporis et.\n\nDolor neque voluptatem tempore est inventore et. Non non reiciendis et sit ea quos. Voluptatem amet nobis eveniet voluptatibus. Rem quos voluptatem ipsa velit explicabo est debitis.', 'rejected', '2012-09-03 17:59:06'),
(303, 106, 158, 'Nihil omnis modi aut omnis magni quam officiis.', 'Inventore tempora facilis delectus quisquam aut. Odio eos nam omnis ipsa. Dolor voluptatem eaque rerum voluptatibus enim accusantium nostrum et.', 'Nihil odit nulla ut. Adipisci optio quisquam fugit eius. Numquam et quidem voluptatem nemo itaque corrupti sed. Vel similique exercitationem eveniet ipsum aperiam est.\n\nOmnis deleniti velit et occaecati laboriosam est. Animi deserunt animi nobis neque. Fugit voluptate et soluta ut sit reiciendis. At aliquam minima qui velit vel voluptas culpa.\n\nId exercitationem ab velit. Aliquam error possimus et cumque qui iste. Et quas rerum mollitia reprehenderit. Maiores provident eius id consequatur et fugit architecto aliquid. Nam voluptatem et quia aliquid fuga.\n\nVoluptatem rerum officiis nesciunt aliquid nemo eum consequatur. Fugit molestiae corporis totam possimus ea cumque libero. Fugit eos sit facere magni est ut enim.\n\nEt deleniti exercitationem quas sit voluptatem placeat velit. Omnis corrupti quia temporibus et asperiores molestiae. Alias ut molestiae ut fuga. Unde ad ipsam suscipit soluta. Suscipit autem dolor voluptatem.\n\nIure facere exercitationem sit. Quia saepe qui quae qui eligendi. Et provident est consequatur ipsum officiis delectus est. Aut maxime reiciendis ut eius ducimus pariatur eligendi suscipit.\n\nFuga dolorem dicta quis esse. Sed inventore earum accusantium doloribus vero debitis sed. Ut tempora magni repudiandae eveniet fugiat dolores a.\n\nAliquid quia eius et repellendus. Qui repellendus reprehenderit error omnis autem nobis voluptatum. Ut soluta sed in voluptates dolorem corporis voluptatibus. Nemo ullam nihil eveniet in voluptas atque ipsum.\n\nEx et quia magnam exercitationem eum eum et. Perspiciatis est autem sapiente nam sunt. Consequatur ullam accusamus et quia.\n\nEos ipsum eius quibusdam dolorem commodi veritatis inventore. Dolorem expedita non possimus ex iusto. Ut aperiam ab id. Et sunt corrupti recusandae repellat. Corrupti qui quaerat voluptatum quis et dignissimos.', 'approved', '2020-09-25 22:23:31'),
(304, 108, 157, 'At vel a deleniti labore qui et ut.', 'Omnis eius fugiat dignissimos quisquam. Earum asperiores ex consequatur placeat aut cum. Omnis veniam eveniet aut. Asperiores maiores ut repellendus natus mollitia libero.', 'Rem harum voluptatum eaque aperiam temporibus. Laboriosam dolor sed odio aut necessitatibus modi. Exercitationem quo et nobis eaque sunt.\n\nRerum corrupti similique natus earum. Molestiae repellendus quasi sapiente corrupti voluptas eum vel. Voluptas in aut perspiciatis eos dicta rerum accusantium.\n\nCommodi rem magnam dolor ea ut eum. Aut enim nostrum quidem dolore voluptatum eos. Rerum tenetur voluptas harum qui.\n\nVoluptates provident eius occaecati atque nam ratione. Nesciunt quo explicabo id.\n\nLaboriosam aspernatur deleniti ea quia asperiores ab. Modi incidunt explicabo quia qui error aliquam natus. Laboriosam cupiditate vitae minima atque.\n\nSimilique qui magni sed laborum. Dolores unde sunt est error voluptatem veritatis veniam. Eos similique at voluptate quia eveniet.\n\nId voluptatem incidunt facilis unde ut esse voluptas. Voluptas sed doloribus nihil fuga. Illum tempore vel exercitationem.\n\nQuia saepe ut culpa dolor voluptas labore occaecati et. Dolores delectus aut nemo ipsa eos voluptatem. Autem quo itaque vel non repudiandae. Qui in asperiores sint autem id consequatur.\n\nDistinctio deleniti consectetur numquam veritatis quia et itaque. Laboriosam nam qui ipsum et. Amet odio voluptatibus libero ut.\n\nQuod est perspiciatis error et. Quia voluptas voluptas accusamus et ut. Maxime quod ut totam. Alias pariatur nulla quia placeat sunt eligendi ea mollitia.\n\nSaepe qui nemo quasi labore qui est. Sed rem id quia molestiae excepturi consequatur. Accusamus quidem autem consequuntur. Voluptas maiores necessitatibus unde eligendi laborum sunt.\n\nA fugit reprehenderit animi consequatur recusandae. Quibusdam magni repudiandae magnam sapiente debitis. Laborum reiciendis optio facere non suscipit.', 'posted', '2012-01-20 03:08:49'),
(305, 114, 153, 'Iure sit illo explicabo accusamus excepturi totam placeat.', 'Dicta repellendus labore perspiciatis et dignissimos vitae. Molestias dolorem sed non esse. Perspiciatis quo et aut iusto et voluptatem excepturi. Excepturi natus dolores quae accusamus. Fugit qui consequatur soluta dolor animi dicta atque.', 'Eius aut officia odio quo ad eum ut. Ut rem deserunt ipsum commodi qui quas.\n\nTenetur numquam incidunt maxime occaecati. Nesciunt corporis dolorem sed laboriosam. Dolor qui et et voluptatem ea. Tenetur est ratione voluptatem. Quidem dolores sit voluptate qui voluptas at ea et.\n\nSint et commodi delectus magni. Aperiam expedita sunt deleniti aliquam quisquam fugiat quis. Sed ad corrupti nam eum rerum autem blanditiis.\n\nQuae veritatis molestias natus molestiae sed. Fugit ea consequuntur voluptatum totam quibusdam autem aperiam. Vel blanditiis maiores temporibus nesciunt laboriosam sed. Dolorem corporis molestiae accusantium neque.\n\nAutem optio nihil enim. Iure magnam est ipsum facilis dolorem aut qui. Dolore recusandae perspiciatis ut quia qui. Est adipisci dolore ratione repudiandae modi veniam.\n\nConsequatur id unde voluptas architecto hic corrupti. Sapiente maxime nostrum sapiente dolores dolores et.\n\nProvident aliquid consequatur possimus consectetur suscipit. Sint velit impedit blanditiis non illum iure. Corrupti et in nam sit praesentium.\n\nSimilique quos ratione minima ut minus. Reprehenderit iste aut unde voluptatem et non atque. Error explicabo asperiores non est voluptatem sit. Repellendus qui sequi itaque officia sunt dolorum velit.\n\nBeatae sed est nihil explicabo voluptates saepe illum. At similique reprehenderit quia. Et enim et adipisci molestiae quis. Consequatur maxime dolore reprehenderit.\n\nOccaecati quia consequuntur consequuntur blanditiis exercitationem earum exercitationem. Hic omnis aut rerum voluptates. Qui voluptates ea sit aut. Dolores aut repellat et dolorem beatae velit.\n\nNisi atque nihil ut tempora qui. Ratione distinctio quasi dolorem magni inventore. Quae minima magnam quos necessitatibus laudantium aliquid et. Pariatur fugit porro rerum repellat sed earum.\n\nConsequuntur suscipit non recusandae dolor sunt. Quibusdam at tempore eligendi. A adipisci distinctio ea et odit nostrum. Aliquid maiores voluptas tempore consequatur.', 'saved', '2012-12-28 09:46:12'),
(306, 105, 162, 'Tempora libero porro omnis veniam temporibus assumenda.', 'Ipsa labore omnis aut labore. Cumque suscipit consequatur pariatur error occaecati alias temporibus. Voluptates ex quia nostrum quam quia ea.', 'Explicabo ut commodi et repellat ea. Sapiente officia dolorem et delectus deleniti et.\n\nSuscipit iste quis et odio officiis deserunt rerum. Omnis rerum saepe aut quidem qui. Recusandae magnam sed tenetur sequi veritatis. Iste aut cum dolore quia vel. Voluptatem est aut quo repellendus.\n\nNihil aperiam quasi est est iste qui excepturi mollitia. Pariatur tenetur illo ullam dolorem non. Amet maiores et et ut fugit adipisci velit.\n\nConsequatur et earum vel iusto voluptatem. Et corrupti fuga tempora et sunt eum atque. Suscipit voluptatibus dolor iure quos et dolorum. Nobis expedita quia sit doloribus fugit optio.\n\nMagni facere odio est voluptatem. Ex et est sed facilis. Provident itaque nihil quos doloribus velit quibusdam similique. Velit cumque natus laborum sint est.\n\nAd eos optio sint minima. Odit itaque et quia enim necessitatibus dignissimos molestiae. Deleniti aut et dolores aspernatur dolores sint voluptates. Facilis dolore consequatur natus ratione voluptatum quos delectus.\n\nQuia magnam quo vel. Ea esse exercitationem suscipit excepturi cum consequatur. Architecto reprehenderit veritatis eos. Voluptatem commodi in rem sequi ex qui.\n\nEt aut ut vel est voluptas ipsa. Veniam est ut necessitatibus sapiente cupiditate pariatur.\n\nPorro et sint atque quo totam eligendi velit earum. Vel quia sunt quisquam ut dolores minus similique aut. Sapiente iure suscipit et perferendis. Modi quasi atque numquam porro aut.\n\nNon amet aspernatur beatae delectus incidunt autem corporis aut. Reprehenderit corrupti ab et fuga ab vel voluptatem. Eum fugit autem sit et vitae laboriosam. Consequuntur non nemo repudiandae ut sed ab.\n\nDeserunt qui ut qui voluptatem eum nulla tempora. Sed et est voluptatum qui nostrum. Qui enim necessitatibus ducimus et aliquid occaecati repudiandae sapiente.\n\nMagnam autem distinctio voluptas sed praesentium qui. Aut molestias non est dolor veritatis fuga earum reiciendis. Assumenda ab cum accusantium quo.\n\nDelectus voluptates officia et minus quis at possimus. Aut fugiat est amet veniam blanditiis ab et. Excepturi est porro at aspernatur consequatur deleniti excepturi ut. Minima sapiente delectus est quae quod ex.\n\nQui earum veritatis et sed error voluptates. Optio repellendus ut facilis similique nisi magnam qui. Aperiam saepe enim velit quis dolores.', 'inprocess', '2019-07-03 10:28:03');

-- --------------------------------------------------------

--
-- Структура таблиці `post_likes`
--

CREATE TABLE `post_likes` (
  `id` int(11) UNSIGNED NOT NULL COMMENT 'pk',
  `author_id` int(11) UNSIGNED DEFAULT NULL COMMENT 'fk',
  `post_id` int(11) UNSIGNED NOT NULL COMMENT 'fk',
  `status` tinyint(1) NOT NULL
) ENGINE=InnoDB DEFAULT CHARSET=utf8mb4;

--
-- Дамп даних таблиці `post_likes`
--

INSERT INTO `post_likes` (`id`, `author_id`, `post_id`, `status`) VALUES
(179, 106, 230, 0),
(180, 105, 207, 1),
(181, 112, 220, 1),
(182, 109, 286, 0),
(183, 108, 214, 1),
(184, 106, 222, 1),
(185, 112, 287, 1),
(186, 107, 216, 1),
(187, 105, 224, 1),
(188, 106, 218, 1),
(189, 113, 294, 1),
(190, 112, 304, 1),
(191, 107, 248, 0),
(192, 113, 221, 0),
(193, 106, 239, 0),
(194, 111, 253, 0),
(195, 111, 219, 0),
(196, 108, 273, 1),
(197, 114, 254, 0),
(198, 108, 242, 0),
(199, 107, 246, 1),
(200, 105, 292, 0),
(201, 109, 301, 0),
(202, 109, 218, 0),
(203, 111, 245, 1),
(204, 112, 271, 0),
(205, 109, 291, 1),
(206, 107, 222, 0),
(207, 107, 286, 0),
(208, 105, 230, 0),
(209, 111, 295, 0),
(210, 114, 301, 1),
(211, 114, 264, 0),
(212, 110, 247, 0),
(213, 113, 229, 1),
(214, 112, 295, 1),
(215, 109, 287, 0),
(216, 114, 229, 0),
(217, 107, 253, 1),
(218, 109, 213, 1),
(219, 107, 229, 0),
(220, 112, 282, 1),
(221, 108, 243, 0),
(222, 112, 284, 0),
(223, 110, 207, 1),
(224, 107, 229, 1),
(225, 108, 260, 1),
(226, 114, 270, 1),
(227, 112, 231, 0),
(228, 108, 214, 1),
(229, 108, 269, 0),
(230, 105, 240, 0),
(231, 110, 276, 0),
(232, 109, 247, 0),
(233, 108, 251, 1),
(234, 106, 301, 0),
(235, 109, 244, 1),
(236, 112, 243, 1),
(237, 111, 294, 0),
(238, 111, 296, 0),
(239, 110, 271, 0),
(240, 108, 220, 1),
(241, 110, 240, 0),
(242, 113, 289, 1),
(243, 110, 237, 1),
(244, 110, 251, 1),
(245, 107, 243, 1),
(246, 113, 292, 0),
(247, 109, 247, 0),
(248, 113, 225, 1),
(249, 114, 238, 1),
(250, 106, 269, 0),
(251, 106, 296, 0),
(252, 107, 289, 0),
(253, 105, 296, 1),
(254, 112, 255, 0),
(255, 105, 238, 0),
(256, 113, 244, 1),
(257, 111, 250, 1),
(258, 113, 294, 0),
(259, 113, 278, 0),
(260, 107, 237, 0),
(261, 112, 291, 1),
(262, 109, 300, 1),
(263, 114, 250, 0),
(264, 109, 298, 0),
(265, 112, 256, 1),
(266, 109, 284, 0),
(267, 111, 239, 1),
(268, 114, 229, 1),
(269, 106, 214, 0),
(270, 109, 228, 1),
(271, 110, 281, 1),
(272, 114, 304, 1),
(273, 113, 257, 0),
(274, 106, 207, 0),
(275, 108, 292, 1),
(276, 112, 255, 1),
(277, 105, 287, 0),
(278, 107, 252, 0),
(279, 107, 303, 1),
(280, 107, 255, 0),
(281, 114, 305, 1),
(282, 105, 266, 0),
(283, 109, 286, 0),
(284, 105, 207, 0),
(285, 111, 222, 1),
(286, 113, 247, 0),
(287, 114, 232, 1),
(288, 111, 244, 0),
(289, 111, 228, 1),
(290, 110, 285, 1),
(291, 112, 265, 1),
(292, 114, 295, 1),
(293, 114, 234, 1),
(294, 114, 266, 1),
(295, 105, 297, 1),
(296, 112, 290, 0),
(297, 105, 296, 1),
(298, 111, 216, 0),
(299, 109, 214, 0),
(300, 105, 224, 1),
(301, 111, 213, 1),
(302, 107, 299, 0),
(303, 105, 222, 1),
(304, 112, 244, 1),
(305, 105, 229, 1),
(306, 113, 232, 1),
(307, 111, 231, 1),
(308, 106, 222, 1),
(309, 113, 281, 1),
(310, 109, 256, 0),
(311, 107, 235, 0),
(312, 112, 277, 1),
(313, 110, 300, 1),
(314, 112, 232, 0),
(315, 113, 229, 0),
(316, 105, 238, 0),
(317, 107, 288, 0),
(318, 114, 233, 1),
(319, 112, 258, 1),
(320, 112, 239, 0),
(321, 105, 288, 1),
(322, 107, 277, 0),
(323, 107, 247, 1),
(324, 108, 273, 1),
(325, 109, 253, 0),
(326, 112, 280, 1),
(327, 110, 304, 0),
(328, 107, 306, 1),
(329, 106, 242, 0),
(330, 111, 271, 1),
(331, 107, 231, 1),
(332, 112, 298, 0),
(333, 112, 296, 0),
(334, 111, 259, 0),
(335, 114, 295, 1),
(336, 106, 234, 1),
(337, 105, 244, 0),
(338, 110, 245, 1),
(339, 107, 254, 1),
(340, 111, 303, 0),
(341, 113, 287, 1),
(342, 111, 220, 1),
(343, 111, 229, 1),
(344, 113, 235, 1),
(345, 106, 242, 1),
(346, 107, 211, 1),
(347, 114, 271, 0),
(348, 105, 261, 1),
(349, 111, 223, 0),
(350, 108, 217, 1),
(351, 113, 228, 0),
(352, 109, 275, 1),
(353, 108, 286, 0),
(354, 105, 247, 0),
(355, 114, 270, 0),
(356, 110, 306, 0),
(357, 112, 225, 0),
(358, 109, 218, 1),
(359, 105, 263, 0),
(360, 110, 272, 0),
(361, 112, 292, 0),
(362, 111, 287, 1),
(363, 111, 209, 1),
(364, 108, 289, 0),
(365, 113, 249, 1),
(366, 111, 260, 1),
(367, 108, 228, 0),
(368, 108, 287, 0),
(369, 108, 258, 0),
(370, 108, 219, 0),
(371, 107, 255, 0),
(372, 109, 274, 1),
(373, 112, 244, 1),
(374, 105, 302, 0),
(375, 111, 299, 1),
(376, 114, 303, 0),
(377, 108, 237, 1),
(378, 105, 247, 0),
(379, 110, 245, 0),
(380, 110, 235, 1),
(381, 111, 216, 0),
(382, 111, 249, 1),
(383, 106, 212, 1),
(384, 108, 239, 0),
(385, 111, 268, 1),
(386, 105, 231, 1),
(387, 111, 270, 1),
(388, 109, 208, 0),
(389, 112, 213, 1),
(390, 109, 209, 1),
(391, 114, 256, 0),
(392, 106, 221, 1),
(393, 111, 286, 1),
(394, 109, 242, 1),
(395, 106, 224, 0),
(396, 108, 248, 1),
(397, 106, 275, 1),
(398, 113, 218, 0),
(399, 107, 225, 1),
(400, 105, 286, 1),
(401, 108, 270, 0),
(402, 105, 218, 0),
(403, 111, 270, 1),
(404, 111, 304, 0),
(405, 114, 305, 0),
(406, 111, 306, 0),
(407, 110, 292, 0),
(408, 105, 264, 1),
(409, 105, 253, 0),
(410, 111, 291, 1),
(411, 107, 299, 1),
(412, 105, 287, 1),
(413, 114, 284, 1),
(414, 112, 261, 0),
(415, 107, 257, 1),
(416, 110, 239, 1),
(417, 113, 219, 0),
(418, 108, 207, 0),
(419, 106, 297, 1),
(420, 111, 276, 0),
(421, 110, 292, 1),
(422, 109, 242, 1),
(423, 105, 296, 0),
(424, 108, 263, 0),
(425, 105, 234, 1),
(426, 107, 277, 0),
(427, 111, 225, 0),
(428, 111, 281, 1),
(429, 106, 299, 0),
(430, 109, 305, 1),
(431, 112, 274, 1),
(432, 109, 246, 0),
(433, 109, 250, 1),
(434, 108, 226, 0),
(435, 111, 278, 1),
(436, 109, 225, 0),
(437, 107, 212, 0),
(438, 112, 219, 0),
(439, 108, 250, 0),
(440, 109, 222, 1),
(441, 106, 216, 0),
(442, 112, 231, 0),
(443, 113, 216, 0),
(444, 107, 225, 0),
(445, 114, 288, 1),
(446, 112, 259, 0),
(447, 110, 289, 1),
(448, 110, 268, 0),
(449, 110, 229, 0),
(450, 105, 262, 1),
(451, 106, 225, 1),
(452, 107, 260, 0),
(453, 108, 219, 1),
(454, 112, 299, 0),
(455, 106, 281, 0),
(456, 113, 245, 0),
(457, 110, 288, 1),
(458, 110, 270, 0),
(459, 106, 251, 0),
(460, 107, 227, 0),
(461, 110, 294, 1),
(462, 108, 269, 1),
(463, 106, 259, 0),
(464, 109, 280, 0),
(465, 112, 270, 0),
(466, 111, 245, 1),
(467, 112, 217, 0),
(468, 110, 222, 1),
(469, 112, 254, 0),
(470, 109, 224, 0),
(471, 109, 286, 1),
(472, 112, 212, 1),
(473, 111, 250, 1),
(474, 108, 242, 0),
(475, 114, 225, 1),
(476, 108, 244, 0),
(477, 111, 282, 1),
(478, 105, 238, 0),
(479, 111, 265, 0),
(480, 105, 260, 1),
(481, 114, 281, 0),
(482, 114, 302, 1),
(483, 105, 290, 0),
(484, 108, 291, 1),
(485, 107, 228, 1),
(486, 109, 232, 0),
(487, 113, 257, 1),
(488, 107, 230, 1),
(489, 110, 242, 1),
(490, 107, 207, 0),
(491, 110, 226, 0),
(492, 110, 213, 1),
(493, 111, 294, 1),
(494, 110, 297, 0),
(495, 114, 291, 1),
(496, 105, 260, 1),
(497, 111, 226, 1),
(498, 112, 210, 1),
(499, 107, 237, 0),
(500, 110, 297, 0),
(501, 112, 256, 0),
(502, 112, 301, 1),
(503, 106, 245, 1),
(504, 111, 221, 0),
(505, 106, 291, 1),
(506, 111, 227, 0),
(507, 114, 244, 0),
(508, 107, 290, 0),
(509, 108, 297, 0),
(510, 111, 228, 1),
(511, 113, 288, 1),
(512, 110, 209, 0),
(513, 105, 253, 1),
(514, 108, 294, 0),
(515, 105, 277, 0),
(516, 110, 253, 1),
(517, 106, 239, 1),
(518, 113, 240, 1),
(519, 113, 223, 1),
(520, 112, 242, 1),
(521, 107, 292, 0),
(522, 114, 281, 0),
(523, 111, 234, 1),
(524, 105, 245, 1),
(525, 114, 259, 0),
(526, 111, 298, 1),
(527, 108, 281, 0),
(528, 108, 236, 0),
(529, 108, 268, 0),
(530, 111, 233, 0),
(531, 106, 282, 0),
(532, 111, 277, 1),
(533, 112, 287, 1),
(534, 113, 220, 0),
(535, 110, 248, 1),
(536, 106, 280, 0),
(537, 109, 231, 0),
(538, 108, 264, 1),
(539, 109, 291, 1),
(540, 112, 223, 1),
(541, 112, 212, 1),
(542, 105, 244, 1),
(543, 106, 266, 1),
(544, 106, 278, 1),
(545, 107, 264, 0),
(546, 114, 293, 0),
(547, 105, 225, 1),
(548, 108, 216, 1),
(549, 111, 252, 1),
(550, 114, 301, 0),
(551, 107, 248, 0),
(552, 114, 256, 0),
(553, 105, 214, 0),
(554, 107, 271, 0),
(555, 105, 241, 0),
(556, 114, 246, 1),
(557, 110, 258, 1),
(558, 110, 257, 1),
(559, 111, 214, 1),
(560, 110, 272, 0),
(561, 112, 207, 0),
(562, 106, 253, 0),
(563, 108, 246, 1),
(564, 110, 304, 1),
(565, 107, 253, 0),
(566, 109, 254, 1),
(567, 114, 274, 1),
(568, 105, 257, 1),
(569, 113, 257, 1),
(570, 106, 296, 1),
(571, 106, 276, 1),
(572, 110, 241, 1),
(573, 112, 278, 1),
(574, 107, 250, 1),
(575, 111, 293, 1),
(576, 111, 260, 1),
(577, 112, 232, 0),
(578, 114, 281, 1),
(579, 111, 240, 1),
(580, 105, 263, 0),
(581, 111, 305, 0),
(582, 113, 303, 1),
(583, 113, 216, 0),
(584, 107, 216, 0),
(585, 105, 268, 0),
(586, 109, 269, 0),
(587, 106, 249, 0),
(588, 111, 242, 1),
(589, 110, 279, 0),
(590, 106, 251, 1),
(591, 113, 249, 0),
(592, 111, 299, 1),
(593, 111, 279, 1),
(594, 110, 258, 0),
(595, 112, 269, 1),
(596, 108, 291, 1),
(597, 107, 214, 1),
(598, 112, 280, 1),
(599, 109, 235, 1),
(600, 110, 276, 0),
(601, 112, 279, 0),
(602, 110, 295, 0),
(603, 113, 229, 1),
(604, 112, 252, 1),
(605, 108, 284, 0),
(606, 113, 263, 1),
(607, 113, 296, 1),
(608, 107, 258, 0),
(609, 105, 283, 0),
(610, 107, 260, 1),
(611, 108, 257, 0),
(612, 114, 290, 0),
(613, 113, 287, 1),
(614, 114, 209, 0),
(615, 110, 306, 1),
(616, 112, 226, 1),
(617, 108, 218, 1),
(618, 108, 209, 0),
(619, 114, 300, 1),
(620, 107, 230, 0),
(621, 105, 295, 0),
(622, 112, 225, 0),
(623, 114, 258, 1),
(624, 113, 213, 0),
(625, 105, 249, 0),
(626, 112, 303, 0),
(627, 112, 263, 1),
(628, 109, 213, 0),
(629, 110, 298, 1),
(630, 112, 244, 1),
(631, 107, 219, 1),
(632, 107, 254, 1),
(633, 111, 304, 1),
(634, 114, 250, 1),
(635, 109, 221, 1),
(636, 106, 265, 0),
(637, 110, 285, 1),
(638, 107, 209, 1),
(639, 114, 248, 1),
(640, 107, 287, 0),
(641, 108, 246, 1),
(642, 112, 208, 1),
(643, 109, 258, 0),
(644, 111, 280, 1),
(645, 113, 222, 0),
(646, 108, 250, 0),
(647, 110, 222, 0),
(648, 111, 295, 0),
(649, 112, 218, 0),
(650, 108, 207, 0),
(651, 110, 208, 0),
(652, 114, 295, 0),
(653, 106, 296, 1),
(654, 107, 240, 0),
(655, 106, 239, 0),
(656, 110, 303, 1),
(657, 113, 290, 1),
(658, 108, 295, 1),
(659, 112, 285, 1),
(660, 112, 236, 0),
(661, 113, 293, 0),
(662, 109, 257, 1),
(663, 111, 299, 1),
(664, 109, 262, 1),
(665, 114, 264, 0),
(666, 107, 235, 0),
(667, 108, 241, 1),
(668, 110, 291, 0),
(669, 110, 277, 1),
(670, 110, 302, 0),
(671, 105, 291, 0),
(672, 111, 301, 1),
(673, 114, 236, 1),
(674, 113, 224, 0),
(675, 112, 263, 1),
(676, 114, 229, 1),
(677, 112, 276, 0),
(678, 106, 241, 1);

-- --------------------------------------------------------

--
-- Структура таблиці `post_photos`
--

CREATE TABLE `post_photos` (
  `id` int(11) UNSIGNED NOT NULL COMMENT 'pk',
  `id_post` int(11) UNSIGNED NOT NULL COMMENT 'fk',
  `Photo_Path` varchar(100) NOT NULL COMMENT 'Text(photo)'
) ENGINE=InnoDB DEFAULT CHARSET=utf8mb4;

--
-- Дамп даних таблиці `post_photos`
--

INSERT INTO `post_photos` (`id`, `id_post`, `Photo_Path`) VALUES
(172, 279, 'https://picsum.photos/640/480/?42603'),
(173, 297, 'https://picsum.photos/640/480/?50516'),
(174, 283, 'https://picsum.photos/640/480/?67914'),
(175, 283, 'https://picsum.photos/640/480/?50201'),
(176, 212, 'https://picsum.photos/640/480/?14871'),
(177, 293, 'https://picsum.photos/640/480/?60056'),
(178, 286, 'https://picsum.photos/640/480/?65512'),
(179, 275, 'https://picsum.photos/640/480/?88968'),
(180, 212, 'https://picsum.photos/640/480/?14696'),
(181, 269, 'https://picsum.photos/640/480/?14814'),
(182, 306, 'https://picsum.photos/640/480/?50712'),
(183, 278, 'https://picsum.photos/640/480/?77255'),
(184, 216, 'https://picsum.photos/640/480/?52115'),
(185, 260, 'https://picsum.photos/640/480/?48960'),
(186, 234, 'https://picsum.photos/640/480/?64375'),
(187, 298, 'https://picsum.photos/640/480/?27177'),
(188, 301, 'https://picsum.photos/640/480/?91309'),
(189, 291, 'https://picsum.photos/640/480/?91451'),
(190, 232, 'https://picsum.photos/640/480/?98971'),
(191, 223, 'https://picsum.photos/640/480/?19353'),
(192, 303, 'https://picsum.photos/640/480/?48831'),
(193, 273, 'https://picsum.photos/640/480/?62080'),
(194, 260, 'https://picsum.photos/640/480/?81548'),
(195, 268, 'https://picsum.photos/640/480/?89830'),
(196, 212, 'https://picsum.photos/640/480/?14014'),
(197, 282, 'https://picsum.photos/640/480/?27631'),
(198, 258, 'https://picsum.photos/640/480/?51529'),
(199, 252, 'https://picsum.photos/640/480/?77686'),
(200, 231, 'https://picsum.photos/640/480/?54202'),
(201, 240, 'https://picsum.photos/640/480/?97557'),
(202, 236, 'https://picsum.photos/640/480/?71527'),
(203, 268, 'https://picsum.photos/640/480/?76589'),
(204, 278, 'https://picsum.photos/640/480/?18136'),
(205, 304, 'https://picsum.photos/640/480/?46201'),
(206, 232, 'https://picsum.photos/640/480/?65344'),
(207, 255, 'https://picsum.photos/640/480/?26874'),
(208, 231, 'https://picsum.photos/640/480/?97002'),
(209, 231, 'https://picsum.photos/640/480/?71270'),
(210, 212, 'https://picsum.photos/640/480/?10465'),
(211, 241, 'https://picsum.photos/640/480/?78676'),
(212, 212, 'https://picsum.photos/640/480/?92027'),
(213, 225, 'https://picsum.photos/640/480/?44019'),
(214, 248, 'https://picsum.photos/640/480/?56906'),
(215, 275, 'https://picsum.photos/640/480/?43092'),
(216, 281, 'https://picsum.photos/640/480/?66161'),
(217, 213, 'https://picsum.photos/640/480/?29562'),
(218, 282, 'https://picsum.photos/640/480/?81825'),
(219, 287, 'https://picsum.photos/640/480/?53156'),
(220, 275, 'https://picsum.photos/640/480/?21945'),
(221, 218, 'https://picsum.photos/640/480/?87570'),
(222, 238, 'https://picsum.photos/640/480/?47390'),
(223, 222, 'https://picsum.photos/640/480/?71012'),
(224, 223, 'https://picsum.photos/640/480/?84039'),
(225, 259, 'https://picsum.photos/640/480/?56437'),
(226, 209, 'https://picsum.photos/640/480/?71405'),
(227, 287, 'https://picsum.photos/640/480/?44121'),
(228, 220, 'https://picsum.photos/640/480/?81393'),
(229, 233, 'https://picsum.photos/640/480/?28119'),
(230, 253, 'https://picsum.photos/640/480/?36889'),
(231, 254, 'https://picsum.photos/640/480/?60740'),
(232, 209, 'https://picsum.photos/640/480/?71139'),
(233, 303, 'https://picsum.photos/640/480/?58732'),
(234, 283, 'https://picsum.photos/640/480/?92431'),
(235, 299, 'https://picsum.photos/640/480/?13239'),
(236, 281, 'https://picsum.photos/640/480/?41009'),
(237, 227, 'https://picsum.photos/640/480/?89158'),
(238, 213, 'https://picsum.photos/640/480/?53453'),
(239, 277, 'https://picsum.photos/640/480/?26931'),
(240, 304, 'https://picsum.photos/640/480/?25878'),
(241, 232, 'https://picsum.photos/640/480/?42171'),
(242, 263, 'https://picsum.photos/640/480/?18941'),
(243, 278, 'https://picsum.photos/640/480/?40143'),
(244, 270, 'https://picsum.photos/640/480/?80499'),
(245, 271, 'https://picsum.photos/640/480/?45947'),
(246, 251, 'https://picsum.photos/640/480/?67047'),
(247, 295, 'https://picsum.photos/640/480/?64356'),
(248, 269, 'https://picsum.photos/640/480/?99462'),
(249, 237, 'https://picsum.photos/640/480/?82353'),
(250, 210, 'https://picsum.photos/640/480/?50967'),
(251, 287, 'https://picsum.photos/640/480/?47152'),
(252, 305, 'https://picsum.photos/640/480/?81659'),
(253, 283, 'https://picsum.photos/640/480/?14612'),
(254, 224, 'https://picsum.photos/640/480/?98669'),
(255, 221, 'https://picsum.photos/640/480/?96625'),
(256, 279, 'https://picsum.photos/640/480/?64047'),
(257, 256, 'https://picsum.photos/640/480/?16811'),
(258, 207, 'https://picsum.photos/640/480/?52739'),
(259, 279, 'https://picsum.photos/640/480/?27516'),
(260, 278, 'https://picsum.photos/640/480/?76703'),
(261, 215, 'https://picsum.photos/640/480/?36570'),
(262, 269, 'https://picsum.photos/640/480/?18741'),
(263, 288, 'https://picsum.photos/640/480/?23031'),
(264, 244, 'https://picsum.photos/640/480/?48196'),
(265, 266, 'https://picsum.photos/640/480/?37067'),
(266, 253, 'https://picsum.photos/640/480/?57305'),
(267, 266, 'https://picsum.photos/640/480/?42452'),
(268, 251, 'https://picsum.photos/640/480/?63986'),
(269, 296, 'https://picsum.photos/640/480/?88755'),
(270, 302, 'https://picsum.photos/640/480/?84426'),
(271, 286, 'https://picsum.photos/640/480/?20613'),
(272, 284, 'https://picsum.photos/640/480/?71273'),
(273, 292, 'https://picsum.photos/640/480/?90796'),
(274, 305, 'https://picsum.photos/640/480/?55288'),
(275, 226, 'https://picsum.photos/640/480/?77850'),
(276, 216, 'https://picsum.photos/640/480/?22453'),
(277, 229, 'https://picsum.photos/640/480/?77533'),
(278, 227, 'https://picsum.photos/640/480/?21666'),
(279, 207, 'https://picsum.photos/640/480/?86063'),
(280, 277, 'https://picsum.photos/640/480/?27873'),
(281, 302, 'https://picsum.photos/640/480/?68654'),
(282, 297, 'https://picsum.photos/640/480/?93012'),
(283, 258, 'https://picsum.photos/640/480/?16191'),
(284, 241, 'https://picsum.photos/640/480/?55512'),
(285, 299, 'https://picsum.photos/640/480/?76610'),
(286, 241, 'https://picsum.photos/640/480/?34688'),
(287, 228, 'https://picsum.photos/640/480/?26144'),
(288, 217, 'https://picsum.photos/640/480/?63999'),
(289, 236, 'https://picsum.photos/640/480/?13961'),
(290, 240, 'https://picsum.photos/640/480/?32468'),
(291, 282, 'https://picsum.photos/640/480/?12562'),
(292, 244, 'https://picsum.photos/640/480/?98853'),
(293, 273, 'https://picsum.photos/640/480/?95703'),
(294, 256, 'https://picsum.photos/640/480/?86867'),
(295, 231, 'https://picsum.photos/640/480/?91035'),
(296, 280, 'https://picsum.photos/640/480/?61465');

--
-- Індекси збережених таблиць
--

--
-- Індекси таблиці `authors`
--
ALTER TABLE `authors`
  ADD PRIMARY KEY (`id`);

--
-- Індекси таблиці `categories`
--
ALTER TABLE `categories`
  ADD PRIMARY KEY (`id`) USING BTREE;

--
-- Індекси таблиці `comments`
--
ALTER TABLE `comments`
  ADD PRIMARY KEY (`id`);

--
-- Індекси таблиці `posts`
--
ALTER TABLE `posts`
  ADD PRIMARY KEY (`id`);

--
-- Індекси таблиці `post_likes`
--
ALTER TABLE `post_likes`
  ADD PRIMARY KEY (`id`);

--
-- Індекси таблиці `post_photos`
--
ALTER TABLE `post_photos`
  ADD PRIMARY KEY (`id`);

--
-- AUTO_INCREMENT для збережених таблиць
--

--
-- AUTO_INCREMENT для таблиці `authors`
--
ALTER TABLE `authors`
  MODIFY `id` int(11) UNSIGNED NOT NULL AUTO_INCREMENT COMMENT 'pk', AUTO_INCREMENT=115;

--
-- AUTO_INCREMENT для таблиці `categories`
--
ALTER TABLE `categories`
  MODIFY `id` int(11) UNSIGNED NOT NULL AUTO_INCREMENT COMMENT 'pk', AUTO_INCREMENT=165;

--
-- AUTO_INCREMENT для таблиці `comments`
--
ALTER TABLE `comments`
  MODIFY `id` int(11) UNSIGNED NOT NULL AUTO_INCREMENT COMMENT 'pk', AUTO_INCREMENT=340;

--
-- AUTO_INCREMENT для таблиці `posts`
--
ALTER TABLE `posts`
  MODIFY `id` int(11) UNSIGNED NOT NULL AUTO_INCREMENT COMMENT 'pk', AUTO_INCREMENT=307;

--
-- AUTO_INCREMENT для таблиці `post_likes`
--
ALTER TABLE `post_likes`
  MODIFY `id` int(11) UNSIGNED NOT NULL AUTO_INCREMENT COMMENT 'pk', AUTO_INCREMENT=679;

--
-- AUTO_INCREMENT для таблиці `post_photos`
--
ALTER TABLE `post_photos`
  MODIFY `id` int(11) UNSIGNED NOT NULL AUTO_INCREMENT COMMENT 'pk', AUTO_INCREMENT=297;

--
-- Обмеження зовнішнього ключа збережених таблиць
--

--
-- Обмеження зовнішнього ключа таблиці `comments`
--
ALTER TABLE `comments`
  ADD CONSTRAINT `fk_author` FOREIGN KEY (`id_author`) REFERENCES `authors` (`id`) ON DELETE SET NULL ON UPDATE CASCADE,
  ADD CONSTRAINT `fk_post` FOREIGN KEY (`id_post`) REFERENCES `posts` (`id`) ON DELETE CASCADE;

--
-- Обмеження зовнішнього ключа таблиці `post_photos`
--
ALTER TABLE `post_photos`
  ADD CONSTRAINT `post_photos_ibfk_1` FOREIGN KEY (`id_post`) REFERENCES `posts` (`id`) ON DELETE CASCADE ON UPDATE CASCADE;
COMMIT;

/*!40101 SET CHARACTER_SET_CLIENT=@OLD_CHARACTER_SET_CLIENT */;
/*!40101 SET CHARACTER_SET_RESULTS=@OLD_CHARACTER_SET_RESULTS */;
/*!40101 SET COLLATION_CONNECTION=@OLD_COLLATION_CONNECTION */;
